issue,topic
4,42
5,42
7,56
8,18
12,21
13,24
15,60
24,42
36,42
39,5
42,43
45,22
47,22
49,42
50,57
51,42
54,61
56,15
59,22
62,22
66,22
69,0
74,22
77,60
80,25
83,42
84,15
86,22
89,42
92,0
93,22
96,42
97,60
99,22
104,60
111,59
164,59
172,42
212,42
221,56
226,42
248,42
274,34
275,42
278,39
283,34
284,43
286,25
297,42
298,42
302,60
305,61
306,61
314,20
322,20
332,44
336,20
344,61
345,60
347,61
350,43
353,25
357,42
362,60
369,54
371,48
372,48
374,42
376,8
377,60
378,8
381,42
387,60
390,27
395,27
397,18
399,44
401,43
404,27
406,27
408,43
409,27
410,27
412,56
413,27
416,27
418,18
419,43
421,37
432,27
434,60
437,60
448,42
455,5
456,42
462,42
470,42
475,5
477,10
478,48
480,11
486,43
487,60
489,56
499,5
503,58
505,60
509,42
510,42
511,48
514,43
515,44
521,42
522,60
524,42
533,5
534,25
542,25
543,24
545,25
546,61
550,22
551,42
554,42
561,43
564,25
571,25
573,43
588,60
589,42
591,38
592,56
598,9
599,60
600,42
603,42
605,60
606,60
607,42
608,42
611,42
612,56
613,44
616,60
617,42
621,42
628,42
629,18
631,42
632,43
635,43
636,11
645,11
649,42
654,5
656,56
660,11
661,48
670,42
672,30
680,60
698,42
699,3
704,3
709,34
710,60
713,42
714,43
722,3
732,48
734,11
735,3
741,3
749,3
757,61
758,3
763,43
767,43
768,3
769,60
775,43
776,3
778,3
779,3
780,42
781,3
783,11
786,3
787,43
789,3
791,11
794,3
795,3
796,3
799,43
800,37
803,23
804,23
810,34
811,3
814,42
815,42
816,3
817,3
819,34
820,43
821,42
826,3
827,42
830,60
834,3
835,3
836,3
837,3
838,42
839,3
840,3
841,42
848,3
849,21
850,48
851,3
852,42
853,3
855,32
856,3
857,43
858,42
860,56
861,3
862,43
867,43
869,56
870,43
871,58
872,3
873,11
874,1
875,11
876,42
877,3
878,18
881,42
890,44
891,30
894,42
900,8
905,60
906,56
907,39
908,56
911,55
913,42
921,20
924,42
925,42
927,43
929,25
934,21
937,20
938,39
941,42
943,20
949,42
950,21
951,42
953,20
954,42
960,42
963,42
965,47
971,47
972,43
984,23
987,30
988,42
997,23
1001,43
1002,49
1006,56
1007,42
1012,49
1017,43
1018,42
1020,42
1037,56
1038,49
1073,8
1075,60
1078,42
1081,61
1085,56
1086,43
1087,25
1099,43
1104,57
1105,60
1117,56
1118,42
1119,15
1121,51
1125,42
1130,25
1135,57
1138,43
1141,39
1144,39
1152,42
1153,60
1154,44
1161,48
1162,42
1164,48
1165,42
1168,8
1171,48
1173,42
1175,60
1178,61
1184,18
1186,42
1193,42
1196,14
1197,56
1198,39
1200,26
1203,48
1204,42
1207,14
1208,14
1209,14
1212,14
1216,14
1217,14
1223,14
1228,43
1229,60
1235,18
1236,43
1238,43
1239,14
1241,56
1247,14
1251,14
1255,14
1256,14
1261,60
1262,14
1264,14
1266,14
1269,60
1275,14
1277,14
1280,14
1282,14
1290,14
1295,43
1299,42
1304,43
1305,61
1306,14
1307,14
1308,14
1312,43
1320,42
1323,42
1325,43
1336,61
1339,5
1340,61
1342,43
1349,42
1353,42
1356,42
1358,5
1360,61
1364,42
1365,61
1367,5
1368,5
1371,5
1373,42
1376,5
1377,38
1379,5
1380,42
1381,42
1385,42
1389,42
1390,42
1397,5
1398,5
1399,42
1402,42
1404,42
1406,5
1413,61
1414,5
1416,5
1418,5
1420,60
1421,61
1423,56
1428,17
1432,5
1434,5
1438,44
1439,60
1442,17
1444,50
1447,17
1453,39
1457,43
1459,39
1465,39
1472,42
1476,61
1481,39
1483,39
1484,39
1485,25
1486,60
1490,39
1512,43
1519,39
1520,39
1525,56
1526,39
1527,61
1566,1
1571,61
1577,60
1583,8
1589,8
1633,14
1634,14
1635,14
1640,49
1641,14
1645,14
1646,14
1647,39
1650,43
1655,14
1659,14
1664,14
1665,56
1670,44
1673,14
1675,56
1676,43
1688,25
1689,42
1691,14
1695,44
1696,42
1700,14
1701,39
1703,42
1707,14
1709,42
1710,14
1713,61
1717,14
1719,42
1720,44
1723,11
1724,14
1732,42
1745,14
1746,14
1754,61
1756,38
1757,35
1759,18
1779,60
1781,46
1782,44
1783,22
1788,42
1793,43
1794,43
1796,61
1797,43
1800,10
1808,10
1812,42
1816,60
1817,42
1818,56
1819,10
1820,43
1821,18
1823,18
1833,43
1839,10
1841,10
1842,10
1846,60
1856,43
1862,43
1864,10
1866,44
1869,60
1872,10
1875,18
1881,18
1896,10
1898,10
1899,43
1904,10
1907,43
1909,43
1912,10
1914,43
1915,43
1921,18
1923,56
1924,60
1925,43
1927,44
1928,10
1934,10
1935,60
1939,56
1952,42
1953,48
1955,44
1957,48
1960,60
1961,18
1962,42
1969,46
1980,2
1981,27
1982,27
2001,28
2006,60
2011,42
2026,5
2037,42
2047,43
2053,44
2061,44
2068,43
2070,42
2072,23
2074,44
2078,42
2079,42
2081,42
2083,42
2085,44
2088,44
2089,44
2094,0
2096,44
2097,23
2101,44
2116,18
2126,35
2128,44
2134,44
2145,44
2147,44
2151,7
2152,33
2159,44
2160,42
2164,42
2165,44
2166,61
2173,42
2178,43
2181,37
2187,32
2194,42
2198,42
2200,61
2202,61
2204,61
2210,42
2212,42
2214,32
2232,56
2248,25
2274,0
2390,42
2401,25
2404,42
2405,42
2406,43
2411,25
2432,43
2433,18
2435,7
2437,43
2443,18
2448,3
2452,43
2455,33
2459,22
2462,7
2469,56
2482,17
2485,42
2490,56
2491,7
2497,42
2500,42
2503,19
2510,42
2518,42
2519,7
2521,7
2533,19
2543,42
2545,7
2549,43
2553,7
2557,43
2561,1
2568,18
2572,7
2573,7
2575,7
2582,42
2601,18
2618,36
2621,30
2624,56
2625,7
2635,56
2641,7
2644,42
2645,7
2651,39
2656,7
2657,42
2658,7
2659,7
2664,44
2666,60
2667,42
2676,43
2681,27
2708,57
2719,42
2722,25
2728,25
2733,9
2734,42
2735,9
2736,51
2739,60
2740,47
2753,37
2755,43
2761,18
2768,42
2769,44
2775,42
2790,42
2791,42
2793,60
2796,42
2797,17
2798,17
2804,30
2814,42
2817,42
2819,60
2825,42
2833,42
2834,60
2836,10
2840,43
2842,42
2843,60
2845,28
2846,10
2847,10
2852,42
2854,18
2858,51
2860,38
2861,43
2865,60
2866,60
2867,10
2869,10
2872,43
2879,10
2880,60
2881,51
2884,43
2887,60
2889,5
2890,28
2892,51
2894,43
2896,10
2899,28
2903,10
2907,42
2908,60
2912,28
2913,43
2914,43
2915,42
2921,42
2923,10
2928,28
2933,10
2940,10
2944,10
2948,28
2951,10
2952,18
2956,42
2959,8
2963,42
2964,18
2966,42
2967,42
2975,11
2978,42
2991,42
2993,18
2994,48
2996,48
3004,15
3005,22
3006,15
3012,42
3016,42
3018,43
3020,22
3032,42
3035,42
3043,43
3047,17
3053,42
3061,42
3063,60
3064,50
3073,50
3076,60
3077,42
3085,42
3091,11
3094,42
3099,18
3107,60
3108,42
3111,60
3116,42
3119,62
3121,42
3135,42
3139,42
3143,42
3144,61
3146,25
3160,57
3166,42
3167,25
3172,43
3175,56
3177,42
3184,25
3188,61
3189,25
3198,60
3203,42
3204,42
3207,60
3211,14
3216,43
3218,60
3222,9
3229,60
3233,38
3235,38
3237,42
3238,56
3240,14
3241,60
3245,14
3246,56
3248,57
3249,61
3250,42
3251,60
3253,60
3267,60
3268,60
3269,9
3271,56
3283,0
3308,42
3312,42
3315,61
3320,42
3330,18
3333,18
3335,18
3342,18
3343,18
3344,38
3348,46
3361,42
3364,18
3365,43
3366,38
3376,42
3378,43
3384,42
3390,42
3394,49
3398,49
3402,43
3404,60
3406,42
3409,41
3410,42
3414,43
3416,43
3422,49
3423,42
3425,60
3427,42
3435,45
3440,5
3443,43
3444,5
3447,42
3452,43
3456,5
3458,43
3459,43
3463,44
3465,49
3468,42
3472,56
3476,43
3478,61
3487,43
3489,43
3490,60
3528,17
3529,42
3530,42
3540,17
3543,30
3558,42
3560,27
3566,42
3580,43
3590,18
3592,60
3612,43
3613,18
3620,61
3632,14
3635,60
3637,61
3644,1
3649,57
3650,42
3655,0
3656,43
3664,60
3671,43
3685,42
3690,30
3693,48
3694,18
3716,43
3720,42
3721,48
3729,18
3732,18
3735,44
3753,18
3755,18
3772,43
3774,18
3778,18
3781,10
3784,43
3785,44
3786,18
3789,18
3791,18
3800,18
3802,18
3804,11
3806,18
3807,18
3812,18
3816,44
3818,43
3820,18
3827,18
3832,60
3837,42
3844,42
3846,18
3848,42
3850,11
3853,42
3858,42
3863,18
3868,18
3879,44
3889,43
3896,48
3903,18
3918,42
3925,60
3927,29
3928,43
3933,61
3934,43
3935,42
3940,42
3943,29
3944,61
3945,56
3946,42
3954,43
3957,25
3961,29
3963,57
3974,57
3975,28
3985,42
3987,42
3991,57
3994,60
3995,11
3999,60
4000,42
4003,11
4005,8
4006,43
4008,42
4010,8
4011,43
4013,8
4016,42
4017,5
4018,0
4023,60
4025,14
4028,57
4029,42
4034,50
4035,42
4038,42
4052,48
4055,43
4060,48
4063,60
4067,60
4072,56
4074,60
4087,42
4093,60
4104,5
4107,42
4108,42
4109,42
4111,38
4112,61
4116,5
4122,56
4126,5
4127,61
4128,5
4129,60
4130,42
4132,21
4135,51
4138,5
4141,5
4143,60
4146,9
4149,42
4153,61
4161,42
4166,43
4167,42
4168,42
4169,42
4172,7
4174,22
4175,42
4177,42
4178,44
4180,11
4186,60
4188,8
4195,42
4196,60
4197,44
4201,11
4212,41
4215,56
4216,34
4219,41
4220,41
4221,41
4222,39
4224,42
4228,60
4231,41
4238,9
4241,39
4250,41
4258,42
4262,9
4264,60
4265,41
4266,60
4268,0
4269,14
4280,60
4283,41
4291,60
4292,42
4295,41
4303,18
4310,9
4318,60
4333,35
4335,42
4342,42
4347,48
4348,50
4362,42
4363,42
4378,17
4390,60
4395,37
4399,37
4461,43
4532,60
4546,5
4547,47
4618,48
4632,60
4634,42
4638,22
4640,46
4641,60
4642,22
4643,22
4644,60
4645,60
4646,61
4647,60
4648,42
4652,22
4653,42
4656,56
4662,44
4665,60
4667,42
4668,23
4669,26
4675,15
4677,22
4688,42
4689,44
4690,44
4695,18
4696,18
4697,44
4698,44
4702,44
4703,42
4707,44
4710,44
4712,43
4713,44
4714,44
4717,44
4718,50
4721,60
4723,44
4724,44
4731,60
4737,11
4740,44
4741,57
4747,42
4749,60
4751,42
4753,8
4757,8
4759,11
4761,42
4768,60
4772,42
4773,60
4774,11
4776,18
4778,60
4781,57
4782,48
4788,18
4790,11
4791,43
4798,9
4803,60
4810,42
4828,50
4833,42
4836,42
4840,48
4851,42
4853,42
4862,46
4864,22
4865,5
4869,0
4870,42
4878,18
4881,22
4884,60
4886,18
4888,60
4889,0
4890,60
4895,44
4906,42
4908,25
4909,42
4910,58
4913,60
4914,47
4915,46
4919,58
4920,42
4922,61
4924,60
4925,60
4932,42
4938,61
4944,5
4949,22
4957,42
4959,42
4961,4
4969,4
4970,61
4972,60
4975,46
4976,5
4981,42
4986,60
4990,42
4998,42
4999,7
5000,42
5001,57
5002,60
5015,43
5035,60
5036,5
5042,18
5044,49
5045,17
5046,38
5049,46
5052,18
5053,38
5061,38
5062,42
5063,38
5068,38
5069,18
5073,47
5076,42
5077,38
5082,18
5083,38
5084,18
5094,38
5100,42
5110,38
5112,38
5113,5
5115,38
5119,56
5120,60
5125,38
5139,42
5141,44
5142,38
5143,5
5145,42
5146,42
5147,42
5148,42
5150,42
5151,57
5152,5
5154,60
5157,42
5165,5
5166,60
5169,60
5171,42
5175,43
5176,60
5177,60
5180,57
5183,42
5184,42
5185,39
5190,57
5192,42
5193,42
5194,60
5202,42
5204,49
5205,42
5209,42
5211,42
5212,42
5215,46
5216,57
5219,48
5221,42
5227,57
5233,60
5234,43
5235,42
5238,60
5240,42
5244,57
5246,57
5252,35
5255,42
5257,61
5261,25
5263,43
5264,42
5287,21
5289,42
5295,61
5298,42
5299,61
5300,61
5304,18
5305,43
5307,42
5310,42
5312,56
5315,43
5316,42
5318,24
5321,18
5322,42
5329,25
5344,47
5347,37
5352,42
5355,42
5357,42
5390,48
5392,42
5393,42
5394,60
5397,42
5407,56
5446,27
5448,38
5461,44
5473,13
5486,42
5492,42
5497,56
5501,28
5506,28
5510,39
5511,39
5512,42
5513,60
5514,60
5519,18
5521,42
5525,56
5539,42
5548,60
5549,60
5556,34
5557,42
5564,20
5569,5
5574,28
5581,61
5588,3
5589,22
5592,17
5593,61
5594,57
5600,56
5614,30
5616,43
5618,17
5622,43
5635,38
5636,38
5637,62
5638,43
5639,17
5640,38
5641,60
5642,38
5643,9
5646,38
5651,62
5653,38
5664,43
5666,10
5667,42
5674,18
5681,44
5683,25
5685,61
5687,42
5694,44
5696,60
5701,42
5703,44
5710,42
5712,61
5727,44
5759,61
5778,42
5781,43
5789,61
5790,60
5795,44
5802,60
5803,43
5805,43
5809,43
5810,44
5814,43
5818,42
5820,22
5821,42
5823,43
5844,43
5856,43
5858,18
5863,42
5871,5
5872,43
5884,18
5885,44
5888,42
5893,43
5904,42
5905,44
5906,44
5913,43
5916,44
5917,7
5918,42
5921,42
5923,42
5925,60
5927,43
5933,22
5946,44
5947,42
5951,57
5955,37
5956,42
5957,43
5958,42
5959,58
5960,32
5961,25
5963,25
5972,42
5973,19
5975,17
5976,19
5997,19
6000,42
6009,19
6012,19
6019,19
6025,19
6042,43
6054,19
6058,19
6064,43
6069,19
6073,19
6081,42
6103,19
6115,5
6121,19
6125,19
6128,19
6138,19
6144,56
6145,19
6147,19
6153,21
6159,56
6162,19
6189,42
6195,19
6205,43
6206,19
6213,19
6222,19
6223,19
6231,19
6247,19
6255,19
6258,42
6263,42
6266,19
6270,19
6277,19
6278,42
6282,19
6287,42
6295,60
6299,19
6304,60
6418,42
6428,43
6431,43
6461,43
6471,42
6503,43
6506,43
6511,44
6519,46
6522,42
6523,9
6524,56
6525,46
6531,46
6536,46
6542,46
6547,46
6548,9
6549,42
6553,38
6554,38
6555,43
6569,38
6571,46
6572,46
6575,46
6579,46
6580,42
6581,46
6583,46
6584,42
6593,42
6596,60
6687,43
6759,60
6764,42
6765,8
6770,42
6772,11
6775,11
6776,11
6777,48
6778,11
6779,48
6784,62
6792,44
6795,42
6799,43
6800,42
6804,43
6806,62
6810,0
6814,61
6816,60
6825,62
6837,62
6851,8
6852,11
6857,42
6864,44
6867,42
6869,42
6870,49
6873,25
6878,43
6879,42
6880,42
6881,18
6883,1
6885,5
6886,60
6892,42
6905,60
6908,32
6923,42
6930,60
6938,42
6955,60
6973,56
6974,60
6975,37
6985,60
6989,60
6990,60
6995,60
6996,47
6999,42
7006,25
7008,3
7013,60
7017,42
7030,62
7044,62
7046,60
7054,18
7055,43
7058,44
7063,60
7065,11
7066,42
7067,11
7068,11
7069,42
7070,42
7071,43
7072,44
7076,7
7084,61
7085,44
7088,33
7090,7
7097,7
7098,60
7102,42
7103,44
7104,5
7105,18
7106,18
7107,43
7109,44
7110,44
7111,44
7113,33
7115,42
7116,44
7117,42
7120,60
7129,7
7130,43
7132,60
7133,44
7135,60
7136,43
7140,60
7141,44
7144,42
7147,44
7148,60
7149,44
7151,44
7152,42
7153,44
7154,7
7155,60
7156,44
7157,44
7163,51
7164,25
7167,42
7169,42
7172,60
7175,42
7178,42
7181,42
7183,44
7184,60
7189,61
7191,15
7194,43
7196,15
7197,17
7198,15
7200,60
7201,22
7203,15
7204,60
7208,44
7211,32
7212,61
7213,25
7217,22
7219,57
7231,5
7238,11
7242,56
7257,42
7258,42
7280,44
7287,42
7295,42
7299,60
7306,60
7307,42
7308,43
7312,42
7313,42
7316,42
7318,60
7322,42
7323,27
7326,42
7328,42
7333,60
7336,25
7341,9
7343,8
7344,9
7349,9
7350,39
7352,60
7353,42
7354,9
7355,42
7358,42
7359,0
7360,61
7363,42
7364,60
7367,60
7368,60
7370,61
7371,61
7372,60
7373,43
7377,60
7380,60
7382,60
7385,61
7387,60
7388,22
7393,60
7396,42
7397,42
7399,56
7402,42
7411,0
7415,60
7421,42
7423,44
7424,43
7425,60
7427,60
7428,42
7432,48
7435,50
7436,22
7439,43
7443,11
7449,42
7452,60
7453,42
7455,18
7456,56
7460,61
7461,60
7465,44
7466,5
7467,42
7468,22
7469,61
7470,42
7473,60
7476,22
7481,42
7483,61
7486,42
7490,42
7491,61
7500,42
7501,39
7502,60
7507,61
7511,42
7517,62
7519,42
7520,44
7523,42
7526,44
7535,42
7547,44
7550,44
7562,44
7563,44
7573,44
7582,62
7583,39
7595,44
7599,43
7601,42
7609,42
7613,44
7614,44
7616,44
7620,61
7639,44
7640,42
7661,43
7665,43
7666,56
7672,62
7685,1
7691,51
7696,42
7699,57
7704,12
7705,5
7720,62
7721,62
7723,62
7725,56
7727,5
7728,56
7738,60
7739,30
7741,62
7744,43
7762,44
7764,43
7770,43
7783,42
7785,62
7786,9
7800,60
7808,42
7809,61
7810,11
7811,11
7815,60
7821,57
7876,42
7877,43
7880,43
7881,43
7883,42
7888,44
7894,44
7895,27
7896,42
7898,56
7900,61
7901,22
7905,44
7906,61
7910,44
7913,43
7918,61
7921,43
7932,18
7937,33
7953,43
7961,43
7962,3
7983,8
7986,56
7994,61
7999,43
8000,48
8001,39
8002,42
8004,42
8011,5
8017,8
8018,8
8019,60
8022,8
8031,60
8033,57
8036,43
8037,35
8040,52
8041,52
8042,52
8043,35
8046,52
8047,35
8050,52
8051,52
8053,52
8054,52
8058,52
8059,52
8060,42
8062,35
8063,35
8065,52
8066,35
8071,52
8072,52
8073,42
8074,52
8075,35
8076,35
8077,35
8078,52
8079,52
8080,52
8083,52
8084,52
8085,52
8087,52
8090,42
8091,52
8092,35
8094,35
8095,42
8097,42
8098,52
8099,35
8100,52
8101,52
8102,52
8103,52
8105,35
8107,52
8108,52
8110,52
8111,52
8112,52
8115,35
8116,42
8117,31
8122,52
8123,12
8125,42
8126,52
8128,35
8129,52
8130,42
8132,35
8133,42
8135,52
8137,52
8138,52
8139,35
8140,52
8141,52
8142,35
8144,52
8146,31
8148,60
8149,52
8150,31
8151,52
8153,52
8154,35
8156,52
8158,42
8160,42
8161,52
8162,35
8164,52
8165,31
8166,35
8167,52
8169,35
8170,52
8172,52
8173,52
8174,52
8176,60
8177,52
8178,35
8179,35
8180,42
8181,31
8182,35
8184,52
8185,35
8187,52
8188,60
8190,42
8191,63
8192,52
8193,52
8196,35
8197,52
8200,35
8201,35
8202,52
8203,52
8204,35
8207,52
8208,52
8209,35
8210,12
8211,52
8212,52
8213,31
8214,35
8215,42
8219,63
8220,52
8221,52
8222,35
8223,35
8224,35
8226,35
8227,42
8229,52
8232,52
8233,52
8234,35
8235,35
8237,63
8238,63
8239,63
8241,63
8242,31
8243,52
8244,52
8246,35
8247,35
8248,35
8250,35
8251,42
8252,63
8253,35
8255,52
8256,35
8257,35
8258,35
8259,35
8260,42
8261,42
8262,31
8264,42
8266,52
8267,42
8269,35
8270,35
8271,35
8272,31
8273,35
8274,52
8276,52
8278,42
8279,52
8280,52
8281,42
8282,31
8283,52
8284,35
8285,35
8286,52
8288,42
8289,35
8291,35
8292,35
8293,35
8294,42
8295,12
8296,52
8297,56
8298,31
8299,31
8301,42
8302,52
8303,63
8304,52
8305,35
8306,63
8307,12
8308,35
8309,52
8310,52
8311,35
8312,63
8313,35
8314,35
8315,35
8316,42
8317,35
8318,52
8319,52
8320,52
8321,35
8322,35
8324,35
8325,35
8326,35
8327,52
8330,52
8331,31
8332,63
8333,35
8336,31
8337,52
8338,35
8339,31
8340,52
8341,35
8342,35
8343,63
8345,63
8346,52
8347,35
8349,35
8350,52
8352,31
8353,60
8354,52
8356,31
8358,31
8359,35
8360,31
8362,63
8364,35
8366,35
8367,42
8368,31
8369,52
8370,35
8371,12
8372,35
8373,52
8374,52
8379,63
8380,63
8381,35
8383,63
8384,52
8385,35
8386,35
8387,63
8390,31
8392,35
8393,35
8394,52
8395,35
8397,52
8400,31
8402,52
8405,35
8408,35
8410,42
8411,35
8412,52
8415,52
8416,31
8417,35
8420,35
8424,52
8434,35
8435,35
8436,52
8437,35
8439,52
8440,52
8441,35
8442,52
8444,35
8445,52
8446,12
8447,63
8448,52
8449,42
8450,52
8452,31
8453,52
8454,42
8455,52
8456,12
8458,35
8459,52
8461,52
8464,35
8465,35
8466,52
8469,42
8470,35
8471,35
8472,35
8475,35
8477,63
8478,13
8479,52
8480,52
8481,12
8482,35
8483,35
8485,35
8486,42
8489,42
8492,35
8493,13
8494,35
8495,31
8496,12
8498,35
8500,52
8501,52
8502,35
8503,12
8504,35
8507,12
8508,35
8509,63
8510,12
8511,35
8512,12
8514,12
8515,63
8516,63
8517,12
8518,52
8519,63
8520,12
8521,12
8523,35
8524,12
8525,52
8526,35
8528,63
8529,63
8530,52
8531,12
8532,42
8533,12
8534,12
8535,35
8537,12
8538,60
8539,63
8540,35
8541,31
8542,42
8545,31
8546,52
8547,52
8549,35
8550,43
8551,35
8552,52
8553,35
8554,35
8555,35
8556,35
8557,31
8559,50
8560,35
8561,35
8564,57
8566,31
8567,35
8569,31
8570,12
8571,43
8572,52
8573,13
8574,35
8575,63
8576,52
8577,31
8578,35
8579,42
8580,35
8583,52
8584,63
8585,52
8587,35
8590,52
8591,42
8592,42
8593,35
8594,35
8595,35
8596,52
8597,13
8598,63
8599,35
8602,63
8603,42
8604,42
8605,35
8606,43
8609,35
8610,35
8611,42
8612,12
8614,35
8615,35
8616,52
8617,12
8618,35
8619,63
8620,35
8622,12
8624,52
8625,35
8626,35
8627,63
8628,35
8629,35
8630,35
8631,52
8634,13
8637,35
8638,35
8639,42
8641,35
8642,35
8643,35
8644,52
8645,31
8648,35
8649,42
8650,35
8651,35
8653,35
8654,35
8655,13
8656,35
8658,35
8659,35
8660,13
8661,52
8662,42
8663,35
8664,35
8665,35
8666,31
8667,31
8668,35
8670,35
8671,52
8672,35
8673,52
8674,52
8675,35
8676,52
8677,35
8678,63
8679,13
8680,35
8681,3
8682,31
8683,35
8684,35
8685,35
8686,35
8687,31
8688,35
8689,35
8690,42
8691,42
8692,35
8693,52
8694,35
8695,35
8696,13
8697,52
8698,35
8700,35
8701,35
8702,42
8703,35
8705,35
8706,42
8707,60
8708,31
8709,35
8710,35
8711,31
8713,35
8714,31
8715,42
8716,31
8718,35
8719,31
8720,63
8723,35
8724,35
8725,35
8726,35
8727,35
8729,35
8732,35
8733,35
8734,35
8735,35
8736,35
8738,42
8740,63
8741,35
8742,35
8743,42
8744,42
8746,35
8747,12
8749,35
8750,42
8751,35
8753,42
8754,35
8756,42
8757,42
8759,60
8761,35
8762,35
8763,35
8764,60
8765,31
8766,35
8767,35
8770,35
8771,31
8772,31
8782,31
8783,42
8785,42
8786,42
8789,35
8790,42
8791,35
8792,35
8793,35
8795,25
8797,35
8799,63
8800,35
8801,35
8803,25
8805,42
8806,35
8809,63
8810,42
8812,35
8813,63
8814,63
8815,63
8816,63
8818,63
8821,42
8823,35
8825,63
8826,63
8827,63
8828,63
8829,12
8830,35
8831,63
8833,42
8834,35
8836,42
8837,35
8838,42
8839,35
8840,35
8843,35
8845,1
8846,31
8847,35
8848,35
8849,35
8850,35
8852,42
8853,35
8855,35
8856,42
8861,42
8862,35
8863,35
8864,35
8867,35
8868,42
8870,35
8871,42
8872,35
8873,3
8877,31
8878,42
8880,35
8881,35
8882,42
8886,35
8887,35
8888,63
8891,35
8893,12
8894,35
8895,60
8896,42
8897,35
8898,12
8901,35
8902,35
8903,31
8904,42
8905,63
8908,31
8909,35
8910,35
8913,35
8914,12
8915,12
8916,35
8917,5
8918,63
8919,35
8920,42
8923,35
8925,63
8927,35
8928,35
8929,31
8930,35
8932,12
8934,35
8937,35
8938,35
8939,12
8941,31
8942,42
8944,57
8945,63
8946,12
8951,42
8952,42
8954,42
8956,35
8957,63
8958,31
8959,42
8960,35
8962,12
8963,63
8965,31
8967,42
8968,35
8970,63
8971,35
8973,12
8974,42
8977,35
8987,35
8988,42
8989,42
8990,42
8995,60
8996,35
8998,35
9001,35
9002,12
9005,35
9007,42
9009,42
9010,42
9011,35
9013,63
9014,63
9015,35
9016,63
9018,35
9020,42
9023,63
9025,42
9026,35
9027,35
9028,42
9030,42
9032,63
9033,42
9035,63
9036,35
9038,42
9039,31
9041,35
9045,42
9046,63
9048,35
9049,42
9051,35
9054,35
9055,35
9058,35
9060,63
9061,43
9062,35
9065,35
9067,63
9068,35
9069,42
9070,35
9072,35
9073,35
9074,35
9076,35
9077,31
9079,31
9080,12
9082,43
9083,12
9084,42
9085,63
9087,35
9088,63
9089,31
9090,29
9091,43
9092,35
9093,12
9096,12
9098,35
9100,35
9102,31
9106,35
9107,42
9110,35
9112,35
9113,35
9114,35
9117,35
9118,35
9119,35
9122,31
9124,60
9125,35
9126,35
9128,31
9130,57
9132,35
9134,35
9135,35
9136,31
9138,12
9140,35
9141,63
9142,35
9143,42
9144,31
9145,42
9146,35
9149,42
9150,35
9151,56
9153,12
9155,63
9157,35
9158,31
9159,31
9160,42
9161,35
9162,12
9163,42
9164,42
9165,12
9169,63
9170,35
9171,12
9172,35
9174,31
9176,35
9177,12
9178,42
9184,35
9185,63
9187,35
9190,35
9191,35
9195,12
9196,35
9197,42
9198,35
9200,35
9202,43
9203,42
9204,31
9205,35
9208,31
9209,31
9210,31
9212,31
9213,35
9214,56
9216,35
9217,63
9219,31
9220,35
9221,12
9222,63
9224,35
9227,42
9228,35
9229,63
9230,42
9231,35
9233,12
9234,42
9238,42
9239,35
9240,63
9241,35
9246,35
9247,56
9248,31
9250,12
9251,63
9253,31
9254,31
9255,42
9256,35
9259,35
9266,35
9267,63
9268,35
9270,42
9271,57
9273,35
9274,35
9276,29
9277,35
9278,12
9279,63
9282,42
9283,42
9284,42
9285,35
9291,42
9292,42
9293,31
9298,42
9299,12
9301,35
9302,35
9303,42
9305,63
9309,42
9310,57
9311,63
9312,31
9313,35
9317,35
9318,12
9319,63
9320,35
9321,42
9322,35
9323,42
9324,31
9326,12
9327,12
9330,42
9331,12
9332,35
9333,35
9334,35
9335,35
9336,35
9337,35
9339,42
9340,12
9343,42
9344,42
9347,35
9349,12
9353,35
9354,35
9355,31
9357,35
9358,31
9359,35
9360,35
9361,63
9367,35
9373,31
9379,63
9380,42
9383,35
9385,35
9390,35
9391,63
9392,35
9394,35
9395,63
9396,12
9399,42
9400,58
9402,3
9405,35
9415,39
9420,39
9423,60
9424,39
9427,39
9429,42
9433,39
9434,42
9438,42
9443,48
9446,18
9447,18
9449,48
9458,43
9466,42
9469,43
9470,18
9473,18
9474,57
9475,46
9480,42
9489,43
9491,56
9493,42
9497,57
9498,42
9500,57
9501,42
9502,42
9507,47
9508,42
9512,61
9514,42
9517,25
9520,47
9522,42
9530,47
9533,42
9541,47
9543,42
9544,42
9545,60
9546,44
9547,42
9550,58
9552,37
9557,47
9559,23
9560,42
9561,42
9562,42
9563,42
9564,42
9571,42
9577,42
9581,60
9583,42
9584,58
9594,42
9595,42
9602,47
9603,60
9625,58
9632,61
9640,42
9641,42
9650,46
9657,60
9668,42
9673,47
9682,60
9685,35
9693,42
9696,57
9699,11
9702,44
9707,38
9709,25
9713,42
9714,51
9717,24
9722,60
9727,60
9729,56
9731,60
9733,24
9746,55
9748,42
9754,42
9757,50
9758,18
9765,56
9769,42
9770,60
9785,60
9786,42
9790,24
9791,25
9797,30
9803,42
9806,42
9818,42
9821,56
9826,42
9830,18
9843,61
9849,61
9864,43
9868,61
9880,42
9886,61
9888,43
9896,43
9899,33
9914,41
9923,42
9925,42
9926,56
9931,42
9932,42
9934,9
9936,9
9937,42
9943,9
9947,56
9949,9
9952,42
9958,44
9961,60
9981,2
9991,48
9996,48
10000,43
10002,60
10009,60
10010,60
10012,42
10022,56
10024,43
10025,42
10035,11
10037,5
10046,60
10052,18
10056,57
10075,8
10080,8
10084,18
10098,42
10101,61
10102,42
10110,42
10111,44
10115,57
10117,57
10119,34
10120,42
10124,42
10125,43
10129,44
10130,44
10151,25
10152,42
10153,42
10155,25
10157,25
10158,42
10160,25
10172,60
10173,37
10174,60
10180,60
10186,43
10194,42
10201,8
10208,43
10214,37
10219,60
10228,21
10232,42
10233,43
10236,21
10240,32
10241,43
10244,37
10259,42
10270,37
10275,42
10277,43
10285,21
10288,43
10296,42
10298,37
10299,37
10301,43
10309,25
10311,37
10317,46
10321,37
10325,25
10338,43
10339,50
10340,42
10341,42
10347,25
10349,37
10359,43
10361,42
10365,43
10368,43
10371,43
10373,60
10375,43
10382,43
10417,37
10419,43
10431,37
10440,47
10442,43
10449,58
10452,43
10456,43
10457,43
10462,43
10464,61
10465,43
10467,37
10469,42
10470,43
10471,37
10473,61
10484,37
10487,42
10489,42
10491,18
10497,44
10499,37
10501,44
10507,22
10512,42
10514,38
10515,5
10519,5
10526,30
10529,44
10532,42
10546,11
10559,11
10560,30
10562,30
10563,30
10564,2
10578,42
10595,60
10598,18
10612,43
10618,5
10624,42
10629,43
10631,48
10641,42
10645,5
10676,18
10679,18
10681,42
10687,56
10695,11
10720,30
10732,18
10741,27
10753,11
10758,42
10762,42
10763,22
10766,42
10792,42
10794,21
10796,61
10798,45
10809,15
10827,50
10828,42
10833,16
10841,16
10844,42
10850,38
10855,46
10859,43
10861,29
10871,60
10872,5
10875,9
10876,56
10880,16
10881,60
10883,43
10885,16
10889,56
10890,56
10892,42
10896,25
10898,42
10903,42
10906,42
10908,42
10916,42
10933,42
10951,47
10952,48
10962,43
10967,42
10973,46
10976,21
10979,42
11006,58
11007,43
11020,43
11021,44
11032,56
11038,42
11044,25
11048,46
11049,42
11061,47
11062,60
11065,43
11066,46
11067,43
11082,42
11090,43
11105,11
11112,48
11118,39
11121,46
11152,56
11154,43
11155,47
11172,42
11185,43
11198,42
11202,42
11206,60
11207,46
11233,54
11235,54
11238,37
11239,54
11240,54
11242,54
11244,54
11252,54
11254,54
11255,54
11257,54
11258,54
11259,54
11264,54
11271,54
11273,54
11274,54
11285,54
11290,37
11293,54
11296,37
11301,54
11311,54
11321,54
11326,54
11327,54
11328,54
11329,54
11330,54
11331,54
11333,54
11334,37
11336,54
11338,54
11342,54
11343,54
11345,54
11350,54
11352,54
11357,54
11359,54
11363,54
11366,54
11368,54
11377,54
11378,54
11382,54
11387,54
11388,0
11399,54
11404,54
11405,44
11413,54
11416,54
11417,54
11422,54
11424,54
11425,54
11426,54
11427,54
11431,54
11450,11
11454,54
11460,54
11464,58
11468,58
11470,25
11472,42
11474,42
11478,42
11485,47
11490,42
11491,42
11510,42
11511,25
11514,42
11515,42
11516,60
11521,57
11522,42
11526,21
11528,57
11534,42
11535,59
11540,47
11543,25
11547,0
11553,42
11556,57
11573,49
11576,42
11581,5
11582,18
11585,33
11586,42
11589,48
11601,61
11619,39
11625,39
11629,5
11631,5
11636,39
11637,39
11639,43
11640,39
11641,60
11642,18
11644,39
11645,39
11655,42
11658,60
11664,60
11666,39
11668,39
11670,42
11674,39
11675,39
11683,39
11684,5
11691,39
11693,42
11699,56
11701,60
11755,17
11760,57
11761,60
11762,43
11773,60
11789,60
11791,0
11796,42
11797,44
11801,17
11802,25
11808,42
11814,46
11824,25
11826,46
11834,60
11835,42
11837,17
11839,42
11844,43
11845,0
11847,42
11852,46
11854,60
11855,46
11856,60
11863,17
11868,60
11871,42
11906,46
11908,58
11911,60
11915,43
11920,42
11926,1
11927,42
11929,1
11931,60
11932,1
11935,42
11937,1
11938,61
11941,61
11943,61
11947,44
11948,42
11951,61
11952,43
11955,56
11956,5
11957,60
11958,60
11959,61
11961,5
11962,60
11964,42
11968,42
11970,1
11972,1
11976,61
11977,38
11981,15
11984,61
11985,1
11986,0
11987,61
11989,61
11996,5
11997,44
11999,42
12008,60
12009,8
12011,8
12014,8
12016,50
12017,42
12019,18
12022,8
12023,11
12024,8
12027,43
12029,60
12030,8
12031,8
12032,8
12034,11
12037,43
12041,8
12043,42
12046,17
12047,48
12050,8
12075,42
12103,60
12104,42
12105,22
12106,42
12107,60
12113,46
12122,18
12128,43
12130,61
12132,44
12137,42
12145,60
12151,60
12155,8
12158,42
12160,43
12172,42
12178,43
12183,42
12196,43
12217,57
12220,38
12223,42
12224,43
12225,42
12226,42
12229,38
12230,38
12233,42
12235,38
12236,38
12237,60
12238,61
12239,38
12240,43
12242,42
12243,43
12245,14
12255,47
12256,58
12257,42
12260,42
12262,43
12265,9
12266,38
12267,38
12269,42
12270,38
12271,47
12274,42
12280,0
12281,9
12289,61
12290,42
12303,10
12306,38
12313,18
12319,43
12324,42
12327,38
12328,38
12337,38
12338,42
12345,43
12350,38
12352,38
12354,58
12364,42
12366,42
12369,47
12377,38
12381,38
12383,18
12385,38
12386,42
12388,57
12402,42
12404,38
12406,42
12407,38
12411,43
12413,61
12414,10
12415,38
12416,47
12419,47
12421,38
12423,43
12425,42
12429,43
12430,43
12435,9
12436,44
12439,42
12441,42
12443,38
12444,38
12446,42
12451,47
12452,42
12456,42
12468,38
12471,43
12478,38
12481,42
12495,42
12505,42
12514,60
12516,61
12524,38
12525,38
12526,42
12538,42
12552,48
12553,44
12554,60
12559,43
12563,39
12564,42
12567,39
12572,39
12590,42
12600,61
12630,42
12638,42
12639,43
12640,43
12641,23
12644,60
12646,42
12647,42
12648,42
12650,43
12654,42
12655,42
12656,8
12657,42
12659,42
12665,42
12666,8
12672,60
12673,60
12674,56
12676,61
12681,42
12682,56
12685,60
12688,60
12691,46
12696,42
12700,57
12706,18
12709,56
12712,17
12713,17
12714,57
12718,42
12721,17
12727,43
12728,42
12731,17
12733,60
12735,60
12737,60
12747,57
12752,42
12756,17
12757,17
12766,60
12771,42
12785,56
12786,57
12797,18
12802,56
12804,13
12805,42
12806,42
12808,13
12810,13
12811,60
12813,60
12818,30
12819,25
12820,49
12826,42
12829,25
12831,25
12832,60
12833,49
12834,13
12835,42
12841,13
12842,51
12845,18
12847,60
12848,51
12851,13
12853,42
12857,13
12859,38
12864,42
12865,60
12866,5
12869,46
12870,42
12873,38
12874,44
12884,42
12896,42
12897,56
12898,5
12900,60
12901,5
12903,42
12905,60
12907,44
12908,43
12922,60
12923,39
12924,60
12934,8
12937,9
12939,40
12940,51
12948,14
12950,43
12952,60
12953,43
12957,8
12964,8
12965,42
12968,42
12971,25
12974,42
12984,42
12989,28
12991,18
12992,16
12993,9
12995,9
12997,16
13001,16
13002,16
13005,16
13006,14
13017,16
13026,5
13035,42
13042,22
13047,13
13053,42
13054,42
13138,8
13139,1
13140,8
13142,8
13145,48
13149,11
13150,8
13151,11
13152,39
13154,11
13159,42
13161,11
13166,8
13167,42
13169,22
13171,30
13176,43
13180,56
13181,42
13183,61
13187,61
13190,42
13201,42
13209,44
13217,7
13220,20
13236,18
13239,38
13251,5
13253,44
13264,42
13270,11
13272,42
13278,43
13283,42
13286,18
13291,43
13293,11
13303,60
13307,41
13310,60
13312,59
13315,51
13317,9
13320,42
13322,42
13323,57
13324,5
13325,57
13326,60
13327,9
13329,5
13330,9
13331,57
13332,42
13333,57
13334,57
13335,57
13336,9
13343,60
13357,42
13373,56
13374,42
13380,42
13381,42
13383,21
13391,61
13392,61
13404,42
13406,58
13410,18
13414,38
13415,42
13416,29
13419,38
13420,9
13422,38
13423,42
13426,51
13428,61
13433,57
13434,42
13439,18
13458,13
13462,34
13466,20
13484,43
13490,13
13492,5
13509,52
13528,20
13540,43
13544,20
13545,20
13547,20
13554,20
13560,42
13564,20
13567,43
13584,17
13586,20
13588,20
13590,43
13591,56
13593,42
13596,43
13600,43
13612,56
13614,20
13619,20
13623,20
13641,18
13642,20
13643,56
13656,42
13666,11
13674,11
13675,60
13678,61
13682,5
13683,11
13684,43
13688,44
13689,44
13691,11
13696,44
13699,42
13700,42
13705,42
13709,42
13710,60
13731,61
13735,18
13755,61
13760,22
13761,22
13762,61
13763,18
13768,61
13779,42
13787,61
13791,42
13796,60
13799,6
13801,6
13804,56
13810,42
13816,27
13818,60
13820,56
13823,60
13833,44
13835,17
13841,17
13842,43
13844,17
13845,42
13846,43
13847,57
13849,60
13855,17
13856,17
13865,17
13867,43
13876,18
13884,43
13891,17
13892,17
13900,42
13902,17
13904,56
13908,42
13909,60
13910,17
13911,17
13912,43
13914,17
13919,42
13926,50
13933,17
13935,42
13936,17
13938,17
13956,60
13961,17
13962,42
13963,17
13965,50
13968,43
13969,50
13974,42
13982,56
13983,43
13989,61
13991,61
14010,50
14019,50
14026,50
14070,25
14076,20
14081,5
14085,5
14097,5
14098,20
14099,25
14100,20
14103,22
14105,20
14108,25
14110,43
14115,5
14117,20
14125,13
14126,20
14127,61
14129,25
14131,5
14133,25
14137,42
14138,13
14143,5
14145,5
14146,56
14148,42
14149,13
14151,42
14153,42
14156,5
14158,42
14162,20
14164,20
14165,5
14166,20
14168,20
14169,42
14170,25
14174,60
14175,18
14176,20
14179,61
14180,20
14182,20
14184,25
14185,60
14187,42
14188,22
14190,20
14192,25
14194,60
14195,60
14196,13
14199,11
14200,8
14201,8
14202,42
14203,11
14204,48
14205,60
14206,5
14209,50
14214,60
14216,60
14221,49
14222,49
14223,49
14226,49
14228,49
14229,49
14232,49
14234,60
14237,49
14238,60
14239,49
14240,49
14244,57
14245,57
14246,49
14249,49
14250,49
14251,25
14252,49
14254,49
14257,49
14259,49
14269,57
14272,49
14274,60
14276,60
14282,43
14283,60
14288,60
14289,50
14290,44
14291,42
14292,18
14293,44
14296,44
14299,44
14302,44
14307,44
14310,42
14317,44
14318,25
14319,43
14320,42
14321,25
14324,42
14326,43
14327,42
14328,42
14329,42
14330,42
14335,61
14338,42
14340,44
14356,43
14357,61
14358,41
14390,1
14392,43
14404,42
14413,43
14418,44
14429,43
14430,42
14431,42
14438,43
14444,42
14451,60
14453,42
14454,61
14455,42
14457,56
14460,42
14462,42
14463,60
14464,61
14466,57
14477,25
14478,61
14482,25
14483,25
14485,42
14487,20
14488,42
14496,5
14498,60
14505,24
14506,5
14508,60
14511,43
14513,60
14514,56
14519,43
14521,49
14522,42
14524,60
14527,49
14538,42
14561,42
14564,43
14565,42
14566,17
14585,33
14597,44
14598,56
14601,42
14617,61
14618,5
14620,42
14626,43
14628,43
14638,39
14643,56
14645,42
14646,39
14647,42
14648,43
14650,60
14655,39
14656,42
14658,39
14662,39
14677,22
14679,17
14685,56
14691,48
14694,56
14695,42
14697,39
14701,39
14715,39
14717,39
14732,37
14736,25
14740,42
14749,56
14752,25
14758,41
14764,42
14771,21
14772,42
14776,21
14777,25
14778,42
14780,60
14781,58
14782,61
14783,37
14784,60
14785,47
14786,42
14787,57
14792,60
14793,48
14801,60
14802,60
14810,60
14812,60
14814,42
14815,60
14816,60
14818,42
14819,43
14820,42
14822,42
14825,60
14826,43
14828,42
14830,42
14833,61
14839,42
14840,42
14844,42
14845,60
14849,39
14893,58
14909,37
14911,42
14912,35
14916,35
14919,56
14925,44
14927,0
14928,42
14933,25
14950,16
14963,16
14972,42
14988,16
14990,16
15006,16
15011,16
15015,16
15019,16
15021,16
15022,16
15027,16
15029,16
15035,16
15037,16
15061,16
15067,16
15085,16
15086,16
15101,16
15107,16
15112,42
15131,16
15141,16
15143,16
15145,21
15148,60
15161,18
15162,60
15165,42
15166,10
15167,43
15172,43
15175,43
15178,42
15186,18
15195,42
15197,42
15198,42
15200,25
15201,56
15205,43
15211,9
15214,10
15237,21
15240,42
15245,42
15247,43
15249,46
15250,46
15251,42
15255,44
15259,42
15262,11
15266,42
15270,42
15274,58
15277,60
15281,42
15288,46
15290,46
15291,46
15295,43
15307,58
15311,42
15312,42
15317,43
15318,46
15320,42
15322,42
15326,42
15328,46
15331,5
15332,42
15337,46
15350,60
15359,42
15360,60
15361,5
15364,39
15365,42
15366,60
15370,39
15375,20
15377,39
15387,18
15395,42
15404,56
15408,60
15409,44
15411,42
15412,56
15414,25
15415,25
15416,42
15418,39
15422,43
15440,42
15455,42
15456,42
15459,42
15461,11
15463,21
15464,3
15471,0
15472,5
15473,5
15488,5
15494,43
15495,60
15501,60
15507,42
15517,42
15518,42
15520,27
15521,60
15523,27
15524,56
15525,60
15529,42
15530,42
15533,61
15539,42
15540,18
15546,60
15548,5
15549,60
15551,42
15560,43
15568,46
15573,43
15576,42
15580,60
15581,42
15583,42
15586,17
15596,60
15605,42
15608,35
15610,60
15611,42
15636,56
15639,48
15647,60
15649,42
15650,42
15654,46
15657,11
15661,48
15668,44
15671,42
15672,60
15678,46
15679,42
15685,60
15688,48
15689,60
15695,43
15703,44
15723,49
15724,42
15726,5
15728,5
15729,42
15732,43
15735,59
15740,42
15746,13
15750,61
15760,60
15762,60
15763,46
15771,13
15772,42
15775,42
15778,42
15786,42
15787,43
15788,42
15789,61
15790,42
15794,42
15796,43
15801,61
15806,61
15815,61
15816,61
15817,61
15819,46
15830,60
15831,42
15841,61
15849,56
15850,37
15851,37
15868,42
15871,42
15876,46
15877,42
15879,43
15885,42
15891,22
15892,22
15894,42
15895,18
15896,46
15901,44
15918,28
15928,40
15930,33
15932,42
15939,60
15943,61
15945,61
15947,42
15951,42
15953,43
15957,60
15958,60
15962,25
15963,61
15964,25
15965,1
15966,1
15967,1
15968,1
15969,1
15970,1
15972,1
15973,1
15975,1
15978,1
15979,1
15980,1
15981,1
15982,1
15984,1
15985,1
15987,1
15992,60
15993,1
15994,1
15996,1
15997,1
15998,1
16001,1
16003,1
16004,1
16005,1
16006,1
16009,1
16010,1
16012,58
16015,43
16016,1
16017,1
16018,35
16019,1
16020,1
16021,1
16022,1
16023,1
16025,42
16026,1
16027,1
16028,1
16029,1
16030,1
16031,1
16032,1
16033,1
16034,42
16035,1
16036,1
16038,1
16040,1
16041,1
16042,1
16043,1
16044,56
16045,1
16046,1
16047,1
16049,1
16050,1
16051,1
16052,1
16053,1
16054,1
16055,1
16056,1
16058,1
16060,1
16061,1
16062,1
16065,1
16066,1
16067,1
16068,60
16069,1
16070,1
16071,1
16072,1
16073,1
16076,1
16077,1
16080,1
16081,1
16082,1
16083,29
16084,42
16085,1
16088,1
16091,1
16092,1
16093,1
16094,1
16096,1
16097,1
16098,1
16099,1
16100,1
16101,1
16102,1
16103,1
16104,1
16105,1
16106,1
16107,1
16109,1
16110,1
16111,1
16112,1
16113,1
16114,1
16115,42
16116,1
16118,60
16119,1
16120,1
16122,1
16123,42
16125,1
16126,60
16127,1
16128,1
16130,1
16131,1
16133,1
16136,9
16139,1
16140,1
16141,1
16143,1
16144,38
16145,1
16148,1
16149,1
16150,42
16152,1
16153,1
16154,1
16155,42
16157,43
16159,42
16161,1
16162,1
16163,25
16164,1
16165,1
16166,1
16167,1
16169,1
16170,1
16171,1
16173,1
16175,42
16177,42
16178,1
16179,1
16183,60
16185,1
16187,1
16188,1
16190,1
16191,60
16192,1
16193,1
16194,42
16196,1
16197,1
16198,1
16203,42
16207,1
16208,1
16209,42
16210,1
16218,1
16220,42
16224,1
16225,1
16226,35
16227,33
16228,42
16229,1
16230,42
16231,42
16236,1
16237,1
16238,1
16240,56
16241,1
16245,1
16247,1
16253,1
16254,1
16255,1
16256,42
16257,42
16258,1
16259,42
16260,43
16261,1
16262,42
16263,1
16264,1
16265,1
16267,1
16268,38
16272,42
16273,57
16274,35
16276,1
16277,33
16279,1
16280,13
16281,42
16282,1
16284,1
16285,1
16286,1
16287,1
16292,35
16298,42
16299,42
16300,1
16301,42
16303,1
16304,1
16307,35
16308,24
16309,1
16310,25
16311,1
16312,57
16314,35
16315,1
16316,60
16317,43
16318,42
16319,57
16320,35
16321,35
16323,35
16324,2
16326,42
16327,4
16328,0
16329,42
16330,29
16331,35
16332,42
16333,35
16334,5
16335,1
16336,42
16337,1
16338,1
16339,33
16341,1
16345,1
16346,1
16348,42
16349,60
16355,15
16356,15
16357,15
16359,61
16361,15
16362,43
16369,42
16370,15
16371,42
16373,61
16377,28
16382,42
16387,15
16388,15
16389,61
16390,15
16398,61
16402,51
16404,61
16406,60
16408,60
16409,61
16416,42
16420,42
16431,10
16444,61
16447,42
16450,56
16452,56
16454,13
16459,47
16462,56
16464,42
16465,13
16466,61
16467,37
16469,42
16473,60
16474,6
16476,56
16482,43
16488,47
16493,42
16504,42
16510,7
16512,7
16515,43
16516,42
16519,56
16522,43
16530,42
16570,61
16572,43
16595,42
16596,60
16611,42
16616,47
16639,0
16645,0
16655,0
16659,0
16660,0
16663,0
16666,0
16669,0
16670,0
16671,0
16672,0
16673,42
16674,25
16675,0
16677,0
16679,0
16681,0
16683,0
16689,0
16693,43
16694,0
16695,25
16696,0
16699,42
16700,0
16704,0
16710,0
16712,0
16714,0
16718,0
16720,0
16722,0
16724,42
16725,0
16726,0
16729,43
16731,0
16733,61
16734,42
16737,56
16738,0
16744,0
16747,0
16750,0
16754,0
16755,0
16756,0
16759,61
16760,0
16761,0
16767,0
16769,42
16772,0
16778,0
16781,42
16783,0
16784,25
16797,56
16800,0
16801,42
16803,42
16804,0
16805,0
16806,0
16808,0
16810,42
16813,0
16815,25
16816,0
16818,0
16822,42
16823,42
16824,0
16827,42
16828,0
16830,25
16834,0
16842,0
16844,0
16845,42
16848,42
16850,61
16852,0
16853,25
16856,0
16858,0
16859,42
16863,0
16865,61
16866,0
16869,42
16873,0
16877,56
16879,25
16880,0
16882,25
16894,61
16900,39
16910,56
16913,44
16916,42
16918,42
16941,34
16947,25
16950,42
16951,47
16954,42
16961,60
16970,42
16971,43
16972,42
16979,42
16983,42
16985,60
16986,60
16990,43
16993,60
16998,27
16999,60
17005,49
17006,49
17009,43
17011,43
17013,61
17025,42
17028,18
17029,44
17032,46
17035,44
17037,50
17043,42
17047,42
17050,44
17054,5
17056,5
17058,42
17060,46
17064,27
17070,60
17071,38
17075,46
17076,46
17077,60
17079,42
17081,60
17088,33
17089,61
17092,43
17107,61
17109,42
17110,43
17111,43
17113,42
17119,18
17123,32
17124,61
17150,1
17156,42
17157,24
17161,24
17167,60
17172,43
17178,42
17180,60
17181,24
17185,60
17192,42
17193,60
17194,24
17196,24
17200,60
17203,24
17208,60
17210,42
17215,24
17222,60
17225,17
17227,0
17228,17
17229,42
17231,60
17236,19
17237,60
17238,9
17239,14
17240,57
17241,42
17242,9
17243,55
17245,56
17246,14
17248,57
17250,3
17253,8
17254,42
17265,21
17267,42
17272,42
17273,60
17274,18
17276,60
17277,42
17282,42
17284,42
17299,60
17301,51
17306,29
17311,42
17314,60
17315,42
17316,25
17318,51
17329,47
17331,60
17334,42
17335,42
17339,51
17341,42
17343,42
17360,61
17364,56
17367,42
17370,61
17371,0
17372,47
17377,42
17384,57
17387,42
17389,42
17393,42
17396,22
17397,61
17399,42
17401,42
17402,58
17406,22
17408,57
17409,22
17412,42
17437,22
17441,61
17445,61
17448,60
17449,60
17451,56
17453,56
17455,42
17456,22
17458,42
17464,22
17466,61
17467,5
17475,15
17476,22
17478,42
17480,48
17484,42
17485,27
17487,27
17488,17
17492,60
17496,60
17498,29
17500,17
17501,42
17507,42
17509,50
17511,60
17516,57
17524,57
17525,8
17526,34
17603,2
17606,2
17611,2
17622,11
17623,42
17631,2
17656,2
17659,54
17679,42
17684,2
17689,42
17694,11
17698,2
17718,7
17720,2
17721,42
17725,2
17727,55
17737,55
17751,2
17755,42
17756,54
17758,30
17765,42
17808,42
17834,60
17836,43
17843,42
17846,43
17847,56
17848,60
17849,42
17853,42
17862,61
17864,2
17876,2
17877,42
17879,2
17882,48
17890,42
17892,50
17902,44
17904,11
17909,43
17914,11
17918,42
17926,48
17930,2
17933,2
17935,11
17952,48
17954,48
17981,60
17988,42
17999,11
18002,48
18003,60
18004,11
18005,60
18006,42
18011,42
18027,60
18039,60
18040,5
18043,25
18047,42
18050,61
18055,57
18060,43
18065,42
18066,60
18071,43
18074,34
18076,44
18081,6
18082,43
18089,60
18090,37
18091,44
18093,60
18100,61
18103,42
18107,5
18110,0
18111,0
18115,34
18119,5
18129,2
18142,9
18145,33
18148,60
18152,62
18153,38
18160,60
18162,43
18166,18
18171,3
18174,60
18180,60
18185,3
18188,60
18189,3
18196,3
18205,42
18207,42
18208,3
18209,42
18210,60
18215,43
18218,3
18223,3
18224,42
18225,3
18228,3
18229,3
18231,43
18232,48
18233,60
18235,60
18236,25
18237,60
18245,42
18248,3
18261,11
18262,60
18282,60
18283,34
18293,42
18295,42
18299,42
18305,56
18319,56
18329,42
18340,42
18342,60
18343,29
18353,6
18357,42
18363,18
18365,37
18366,56
18413,42
18471,39
18482,18
18490,42
18492,56
18493,56
18494,11
18532,39
18570,43
18574,51
18577,42
18581,21
18582,42
18585,39
18587,21
18589,51
18591,42
18595,51
18597,42
18599,51
18602,51
18605,47
18608,42
18614,61
18615,47
18616,42
18620,42
18623,43
18624,0
18633,56
18635,21
18637,47
18638,47
18640,61
18641,42
18646,43
18650,42
18651,47
18655,21
18657,25
18662,42
18670,42
18673,21
18674,51
18675,42
18677,42
18679,61
18680,51
18682,43
18684,51
18688,54
18690,43
18692,61
18694,42
18695,51
18699,47
18701,21
18708,47
18713,60
18725,51
18732,41
18734,8
18735,8
18739,8
18740,42
18742,5
18744,8
18753,25
18755,5
18757,60
18761,11
18763,25
18764,25
18765,18
18766,42
18767,10
18768,25
18771,25
18772,42
18773,42
18774,60
18776,25
18777,42
18778,42
18779,13
18782,25
18784,25
18786,25
18787,43
18788,42
18791,25
18793,56
18798,25
18800,60
18805,43
18810,42
18815,25
18816,42
18818,25
18819,56
18821,42
18823,42
18824,25
18834,25
18839,25
18841,60
18842,42
18844,60
18847,25
18848,42
18849,42
18850,60
18851,37
18853,60
18857,43
18861,57
18864,39
18865,23
18866,43
18873,57
18874,60
18876,6
18877,42
18880,5
18881,60
18882,42
18884,6
18887,57
18888,60
18889,60
18890,39
18892,42
18894,60
18895,44
18899,57
18900,42
18905,42
18907,57
18908,42
18912,6
18913,42
18915,57
18917,60
18919,60
18920,42
18921,60
18922,60
18923,42
18927,5
18928,57
18929,57
18931,42
18933,6
18934,42
18941,42
18942,56
18944,5
18946,5
18947,5
18948,5
18954,42
18955,42
18956,60
18958,43
18959,42
18960,42
18961,42
18962,42
18968,5
18969,56
18974,42
18977,5
18978,5
18980,58
18983,5
18986,8
18987,5
18988,42
18989,25
18990,5
18991,5
18992,5
18994,57
18996,5
18997,42
19001,5
19002,42
19004,61
19008,42
19012,5
19020,22
19022,56
19028,5
19030,42
19034,56
19035,42
19036,42
19037,42
19039,56
19044,5
19045,42
19053,56
19055,42
19061,42
19062,5
19064,42
19065,56
19066,42
19073,25
19075,42
19076,42
19078,60
19080,5
19082,5
19102,15
19104,60
19109,56
19111,57
19115,42
19117,61
19118,56
19123,61
19124,60
19128,49
19141,5
19144,13
19146,5
19147,61
19150,5
19155,42
19158,42
19160,61
19161,42
19167,13
19170,42
19175,42
19176,42
19180,29
19181,42
19184,49
19191,61
19192,39
19201,42
19203,42
19205,61
19213,43
19216,61
19259,25
19265,60
19266,60
19270,39
19274,42
19277,9
19280,42
19281,42
19287,60
19293,58
19294,34
19295,42
19298,61
19300,43
19302,58
19303,21
19305,60
19315,53
19318,42
19321,34
19323,38
19325,47
19327,34
19332,42
19333,43
19337,47
19342,42
19343,10
19344,42
19350,34
19355,43
19356,43
19364,42
19365,42
19368,42
19369,47
19374,42
19375,43
19377,43
19404,42
19406,46
19410,4
19412,18
19422,18
19427,42
19428,42
19431,43
19434,18
19440,48
19441,18
19442,11
19447,18
19448,42
19456,18
19460,18
19462,42
19467,34
19477,32
19482,43
19483,21
19495,5
19512,60
19513,20
19518,61
19519,42
19528,50
19533,51
19537,58
19540,18
19541,42
19543,27
19547,56
19548,14
19553,61
19561,23
19564,29
19565,58
19566,13
19568,13
19572,47
19573,47
19576,29
19586,25
19589,29
19594,42
19597,25
19598,58
19599,42
19602,58
19604,47
19612,29
19613,13
19617,23
19620,42
19625,25
19628,42
19637,42
19639,47
19643,43
19644,42
19646,42
19656,29
19657,42
19658,58
19659,58
19663,58
19666,58
19668,29
19675,13
19676,58
19682,42
19685,58
19696,29
19708,42
19724,42
19730,58
19731,47
19732,29
19738,42
19742,46
19744,47
19747,47
19753,29
19768,57
19771,42
19774,47
19781,42
19782,58
19785,47
19788,25
19791,29
19793,42
19794,29
19796,25
19798,29
19799,37
19800,37
19825,29
19828,47
19831,29
19836,29
19839,25
19842,58
19845,42
19852,47
19853,13
19861,58
19862,29
19863,29
19864,25
19874,29
19876,58
19879,47
19882,58
19886,13
19887,42
19889,58
19891,42
19893,58
19897,42
19900,37
19903,18
19909,47
19918,47
19920,47
19923,58
19924,29
19931,23
19933,0
19934,42
19941,58
19947,29
19949,58
19951,25
19954,29
19955,42
19956,47
19959,37
19968,58
19975,29
19988,29
19991,42
19992,42
19996,29
19998,29
20002,25
20008,58
20012,29
20014,29
20015,47
20020,37
20021,58
20031,47
20032,37
20036,29
20038,3
20039,42
20040,29
20041,47
20044,57
20057,58
20058,29
20059,29
20062,58
20064,29
20068,29
20069,58
20070,29
20071,29
20075,58
20076,29
20077,47
20078,58
20081,58
20089,47
20105,42
20113,3
20117,58
20122,42
20124,42
20131,29
20135,47
20136,13
20142,47
20148,47
20150,47
20151,47
20156,13
20157,47
20162,29
20163,29
20164,47
20167,29
20168,29
20170,47
20185,29
20187,29
20189,29
20197,47
20199,29
20206,43
20209,58
20215,47
20219,57
20229,47
20234,42
20239,47
20254,29
20257,42
20259,58
20261,43
20266,47
20274,32
20277,13
20281,42
20282,42
20286,42
20287,13
20298,42
20308,58
20310,29
20314,13
20315,29
20316,29
20317,29
20318,58
20319,42
20326,58
20328,58
20330,58
20331,29
20332,46
20334,58
20335,29
20336,29
20337,57
20344,42
20352,29
20358,29
20363,29
20372,58
20373,47
20374,42
20377,42
20381,42
20384,42
20392,47
20396,34
20397,42
20398,57
20399,29
20401,58
20413,13
20414,47
20419,23
20421,29
20422,47
20423,47
20426,13
20442,42
20451,29
20458,58
20473,35
20483,23
20490,58
20497,58
20499,58
20502,47
20503,25
20505,42
20507,58
20509,42
20514,58
20520,43
20522,29
20523,47
20524,29
20525,58
20528,29
20530,37
20532,29
20535,43
20536,29
20540,29
20548,47
20550,58
20551,25
20557,58
20573,42
20574,29
20578,29
20587,29
20605,57
20606,29
20609,58
20615,58
20616,42
20624,25
20635,29
20640,25
20650,58
20651,0
20654,25
20655,42
20667,29
20674,42
20681,29
20685,29
20687,42
20696,58
20701,56
20702,60
20705,29
20708,47
20717,37
20718,58
20720,42
20724,29
20728,57
20731,42
20732,25
20734,42
20742,29
20749,42
20753,42
20757,47
20758,13
20761,29
20771,3
20773,47
20774,58
20783,58
20787,56
20788,29
20789,29
20802,29
20811,29
20813,57
20817,37
20823,42
20830,23
20839,47
20844,20
20846,29
20847,42
20861,58
20862,29
20865,42
20866,13
20873,29
20876,58
20877,42
20896,58
20904,34
20906,25
20927,58
20928,58
20930,58
20935,58
20943,29
20944,42
20945,42
20948,42
20964,47
20965,29
20969,58
20974,42
20977,47
20980,29
20984,58
20992,47
20993,43
20998,29
21004,42
21009,58
21013,25
21016,29
21020,29
21023,29
21036,23
21040,42
21044,43
21047,58
21054,13
21057,13
21058,29
21060,58
21061,37
21063,58
21065,58
21067,42
21072,13
21078,23
21082,29
21093,58
21101,47
21102,13
21105,58
21106,34
21112,58
21130,58
21143,47
21150,29
21156,29
21158,58
21159,29
21166,58
21167,58
21169,42
21170,13
21174,42
21176,58
21191,47
21192,29
21193,47
21195,47
21196,58
21197,58
21200,47
21205,42
21209,60
21212,47
21228,25
21231,13
21235,42
21239,29
21243,29
21244,13
21256,5
21267,42
21275,58
21277,29
21282,58
21284,13
21294,58
21296,29
21297,29
21299,13
21302,29
21309,58
21311,42
21324,47
21334,25
21338,58
21343,58
21344,47
21351,58
21366,29
21368,58
21373,29
21380,58
21381,58
21387,42
21398,32
21401,29
21403,29
21405,29
21406,29
21409,29
21410,42
21411,29
21415,42
21418,42
21424,47
21430,47
21438,29
21447,58
21448,42
21453,42
21458,25
21461,42
21463,29
21465,25
21468,13
21471,42
21472,29
21474,58
21489,25
21490,42
21491,58
21501,47
21502,42
21510,42
21514,25
21516,37
21518,47
21519,25
21522,29
21526,13
21535,57
21538,43
21539,29
21540,58
21558,29
21567,29
21569,58
21570,29
21571,29
21572,42
21577,29
21579,42
21590,13
21594,42
21614,47
21619,29
21623,29
21630,58
21636,42
21642,13
21652,29
21656,29
21657,58
21658,47
21667,29
21674,42
21677,58
21690,47
21694,29
21698,60
21707,29
21708,47
21711,47
21712,58
21718,58
21719,43
21722,23
21731,29
21736,58
21741,42
21746,60
21747,58
21752,42
21753,25
21754,58
21760,29
21761,29
21763,60
21768,29
21784,29
21786,13
21788,23
21794,29
21801,42
21803,58
21820,47
21821,58
21835,43
21836,13
21855,25
21857,29
21866,29
21867,29
21868,29
21878,43
21882,29
21885,42
21886,29
21899,46
21902,13
21906,29
21907,29
21918,43
21921,29
21929,29
21940,42
21943,29
21945,42
21967,47
21970,42
21973,42
21976,29
21977,37
21985,42
21991,29
22001,29
22021,58
22039,57
22045,58
22049,47
22052,42
22056,58
22067,42
22071,47
22074,58
22077,58
22079,46
22080,47
22082,37
22083,42
22084,13
22100,13
22109,29
22116,43
22117,47
22118,58
22138,42
22145,47
22158,58
22166,42
22173,47
22175,23
22183,47
22192,25
22196,47
22197,42
22201,57
22206,47
22208,29
22215,37
22219,25
22242,58
22256,29
22259,37
22262,42
22263,57
22266,47
22268,42
22273,58
22274,42
22279,58
22282,57
22284,56
22287,29
22290,58
22292,47
22293,57
22303,58
22307,25
22309,58
22310,42
22316,58
22331,58
22332,13
22333,61
22342,58
22343,42
22345,56
22349,58
22354,58
22359,58
22360,58
22369,5
22370,5
22371,13
22373,58
22378,23
22379,47
22389,58
22409,58
22414,42
22416,23
22426,58
22430,23
22436,42
22438,42
22456,58
22466,47
22467,42
22469,23
22475,58
22477,13
22478,47
22479,37
22483,47
22507,42
22510,42
22518,29
22519,58
22527,13
22528,42
22532,42
22544,58
22550,58
22551,29
22552,47
22564,47
22581,37
22582,29
22583,29
22588,25
22590,29
22600,47
22604,58
22610,47
22613,47
22617,58
22618,58
22626,42
22628,13
22630,47
22636,58
22653,58
22655,58
22659,58
22661,58
22663,47
22673,47
22688,23
22698,47
22699,25
22704,57
22707,47
22719,58
22720,23
22724,42
22725,42
22728,47
22737,42
22738,42
22742,61
22753,58
22758,25
22766,25
22768,58
22769,58
22777,29
22778,25
22779,47
22798,47
22825,58
22828,58
22830,29
22833,13
22834,43
22839,25
22847,29
22851,47
22852,58
22857,47
22863,25
22864,58
22869,58
22876,47
22879,47
22886,58
22889,58
22895,58
22899,25
22908,23
22912,42
22914,44
22927,57
22928,58
22931,29
22937,21
22939,58
22942,47
22949,42
22952,58
22955,58
22962,42
22963,58
22970,58
22974,58
22977,58
22983,42
22984,47
22991,47
22995,13
23006,47
23015,56
23017,29
23018,56
23025,58
23026,47
23028,42
23029,58
23031,13
23034,58
23039,47
23045,25
23046,58
23051,25
23054,58
23055,47
23056,57
23063,42
23065,42
23066,13
23073,25
23074,29
23077,42
23080,13
23081,29
23082,29
23096,58
23100,58
23108,29
23115,42
23118,58
23130,25
23131,23
23132,56
23133,58
23135,47
23144,18
23145,47
23146,10
23147,58
23151,37
23154,25
23158,58
23163,58
23168,58
23177,42
23178,29
23181,13
23194,37
23196,58
23198,47
23202,58
23213,58
23214,25
23222,47
23225,60
23238,58
23241,58
23244,42
23245,61
23254,42
23258,25
23260,42
23262,47
23279,32
23281,47
23282,58
23283,42
23285,47
23290,42
23293,58
23308,47
23317,13
23327,57
23334,42
23341,42
23346,42
23347,25
23349,58
23352,43
23353,0
23355,47
23356,58
23369,57
23377,58
23380,42
23381,57
23382,47
23385,47
23388,13
23389,58
23395,25
23396,23
23399,42
23409,5
23412,47
23416,23
23418,58
23419,47
23420,58
23421,42
23422,43
23427,13
23438,58
23446,57
23448,58
23450,58
23452,60
23456,57
23462,13
23463,13
23465,58
23470,58
23475,58
23476,21
23477,47
23478,42
23485,58
23493,37
23509,29
23510,58
23514,25
23518,13
23519,47
23523,47
23524,47
23535,42
23539,58
23545,58
23547,58
23550,58
23555,58
23556,25
23557,47
23558,37
23559,37
23566,42
23570,47
23589,25
23591,58
23595,58
23599,58
23609,25
23613,58
23617,42
23618,57
23619,25
23621,58
23624,58
23626,42
23631,47
23633,57
23635,42
23636,58
23638,47
23647,58
23652,37
23657,58
23659,58
23671,58
23674,25
23680,25
23684,13
23687,42
23688,42
23689,29
23706,58
23708,58
23710,57
23711,58
23712,42
23720,37
23721,58
23722,58
23725,29
23727,58
23729,42
23733,25
23743,13
23745,47
23746,47
23768,37
23771,60
23774,58
23779,42
23780,43
23798,29
23800,47
23805,58
23807,25
23808,58
23810,42
23811,13
23813,25
23817,47
23818,47
23822,25
23824,58
23828,58
23830,58
23834,58
23837,29
23838,58
23839,47
23842,13
23844,23
23845,13
23853,25
23855,42
23857,42
23860,58
23862,47
23863,47
23868,58
23869,29
23875,47
23877,42
23878,25
23886,47
23889,47
23897,29
23900,58
23908,42
23910,47
23912,42
23913,13
23915,47
23917,57
23919,47
23948,42
23950,47
23956,29
23959,29
23963,3
23965,58
23966,58
23967,29
23975,58
23981,47
23985,42
23993,42
23995,58
24010,25
24011,58
24014,42
24015,25
24022,58
24025,58
24030,23
24032,29
24037,47
24044,58
24046,32
24053,42
24058,23
24059,58
24065,58
24074,58
24075,58
24084,58
24089,57
24090,14
24091,58
24092,42
24106,58
24115,0
24116,42
24123,58
24124,42
24126,58
24128,58
24129,29
24133,42
24134,25
24143,42
24158,25
24161,47
24180,58
24185,57
24190,42
24193,43
24200,42
24202,58
24208,13
24210,42
24212,58
24213,58
24215,13
24218,58
24223,37
24224,58
24225,23
24230,29
24240,47
24241,58
24244,42
24248,23
24251,47
24252,42
24257,58
24266,42
24276,47
24278,42
24282,42
24291,58
24293,42
24305,58
24308,29
24310,58
24312,58
24314,29
24315,25
24319,58
24321,42
24333,58
24341,47
24374,58
24376,42
24381,58
24387,58
24391,58
24393,13
24397,13
24399,25
24409,58
24412,13
24454,13
24464,25
24465,58
24480,29
24489,58
24492,43
24499,47
24512,58
24518,58
24539,58
24541,29
24542,58
24552,42
24555,58
24578,29
24580,47
24590,42
24591,25
24598,58
24618,58
24620,42
24624,42
24630,47
24632,42
24635,42
24636,42
24642,47
24643,42
24658,25
24662,3
24663,58
24669,58
24672,58
24673,58
24676,58
24680,42
24684,37
24685,29
24703,58
24710,47
24719,58
24722,58
24723,42
24727,58
24729,13
24731,47
24734,47
24737,29
24740,58
24752,61
24755,58
24760,58
24761,57
24762,42
24765,46
24766,42
24767,58
24768,42
24771,46
24772,29
24774,58
24803,13
24806,21
24807,42
24810,29
24829,47
24834,42
24838,58
24846,42
24855,57
24856,25
24861,42
24865,56
24872,25
24891,43
24894,25
24902,37
24903,57
24906,43
24916,42
24974,25
24977,61
24978,25
24979,61
24980,25
24981,25
24982,25
24988,25
24989,25
24991,56
24992,61
24996,61
24997,25
24999,42
25000,25
25001,43
25002,42
25005,42
25006,56
25010,42
25012,25
25013,25
25023,42
25026,56
25027,43
25030,43
25033,56
25035,43
25036,42
25043,42
25044,49
25047,18
25049,43
25062,49
25066,60
25068,60
25071,38
25077,38
25078,61
25100,62
25104,42
25105,60
25107,43
25109,60
25110,30
25113,60
25118,30
25119,42
25124,27
25125,42
25128,62
25130,62
25133,60
25134,56
25135,60
25136,62
25137,62
25138,42
25139,62
25141,62
25142,60
25144,62
25145,42
25153,62
25156,60
25159,42
25161,56
25162,60
25164,60
25165,60
25168,62
25174,11
25175,8
25176,42
25179,44
25180,60
25181,41
25183,60
25184,27
25188,9
25190,24
25191,24
25193,59
25196,59
25197,9
25198,59
25200,59
25201,38
25203,42
25208,60
25209,38
25213,44
25218,5
25219,43
25222,59
25228,42
25230,59
25231,19
25233,56
25235,60
25239,9
25241,9
25242,9
25243,42
25244,9
25249,59
25250,42
25253,18
25254,59
25255,46
25256,60
25258,38
25259,59
25260,42
25261,9
25262,59
25263,44
25264,38
25265,9
25267,59
25268,59
25269,9
25271,42
25272,59
25273,38
25274,46
25275,59
25276,42
25277,43
25279,42
25280,38
25282,18
25285,59
25287,43
25288,5
25289,18
25290,44
25292,9
25293,56
25294,42
25296,9
25297,59
25298,40
25299,42
25301,5
25302,42
25308,38
25309,9
25315,43
25316,42
25318,42
25319,9
25321,60
25331,61
25332,59
25333,29
25334,59
25335,59
25339,18
25340,59
25341,42
25344,59
25345,59
25348,59
25350,61
25355,25
25356,56
25358,18
25361,21
25364,29
25365,42
25368,5
25369,42
25370,50
25371,42
25375,43
25378,48
25379,60
25380,42
25388,42
25391,43
25393,60
25395,42
25402,42
25410,17
25412,42
25413,42
25415,42
25417,50
25427,42
25428,42
25434,60
25435,60
25439,7
25440,44
25441,42
25443,47
25444,37
25448,43
25453,5
25456,39
25458,11
25460,42
25470,61
25705,22
25710,33
25711,42
25715,58
25716,33
25719,33
25723,43
25724,42
25725,33
25726,33
25731,33
25734,33
25735,42
25738,33
25741,33
25742,33
25743,33
25744,33
25745,33
25748,33
25749,43
25750,18
25751,43
25762,5
25764,42
25767,33
25773,33
25775,33
25776,38
25780,1
25783,42
25790,33
25791,18
25792,33
25793,46
25794,33
25803,33
25809,33
25810,33
25812,43
25817,33
25818,43
25820,33
25821,42
25826,33
25828,44
25829,33
25831,60
25832,33
25834,33
25838,38
25843,33
25844,33
25845,33
25848,33
25853,43
25854,33
25859,33
25860,42
25863,43
25893,33
25895,42
25898,33
25900,38
25902,42
25907,59
25915,33
25917,33
25918,18
25926,25
25928,57
25929,42
25930,57
25932,61
25934,61
25935,60
25937,25
25943,56
25944,43
25954,39
25958,55
25970,42
25972,55
25975,39
25979,48
25989,42
25995,42
26003,18
26010,8
26013,11
26014,11
26017,60
26023,42
26026,39
26040,42
26052,42
26054,11
26058,3
26059,42
26065,60
26067,11
26068,42
26078,43
26096,11
26105,34
26122,42
26127,42
26130,50
26131,43
26133,60
26146,38
26160,28
26173,56
26201,42
26226,42
26228,9
26232,38
26243,18
26245,21
26246,28
26248,43
26254,40
26291,28
26293,18
26307,40
26312,44
26314,58
26315,17
26334,58
26336,60
26351,42
26364,42
26369,43
26374,44
26376,6
26383,6
26392,6
26394,42
26404,61
26406,6
26416,42
26426,60
26428,42
26434,42
26435,43
26441,42
26454,42
26455,60
26457,42
26458,42
26460,42
26467,42
26470,43
26473,6
26475,60
26476,43
26481,6
26484,42
26487,6
26488,43
26489,6
26490,61
26492,42
26493,51
26494,43
26498,60
26500,42
26509,41
26517,41
26518,41
26520,5
26525,41
26555,60
26558,60
26560,43
26561,43
26563,60
26564,18
26565,20
26566,42
26569,43
26570,18
26571,34
26574,17
26575,17
26576,17
26577,10
26579,17
26580,42
26584,60
26587,60
26588,51
26589,17
26592,42
26593,42
26595,11
26596,39
26597,17
26599,42
26600,42
26603,39
26604,39
26605,18
26606,60
26607,17
26612,28
26619,5
26620,34
26622,60
26625,42
26628,42
26629,28
26630,28
26635,61
26636,28
26637,43
26646,43
26651,60
26652,60
26656,28
26659,60
26663,28
26666,28
26680,42
26681,42
26686,5
26688,8
26694,42
26697,11
26699,34
26701,8
26709,11
26712,60
26715,60
26733,42
26736,43
26737,42
26750,60
26759,60
26761,18
26766,30
26768,7
26770,48
26777,11
26779,42
26782,8
26784,60
26791,42
26794,43
26801,60
26807,61
26809,38
26810,56
26811,60
26812,44
26816,41
26821,60
26824,27
26829,42
26833,61
26838,60
26850,2
26855,42
26859,42
26873,2
26883,2
26889,60
26890,60
26897,11
26903,2
26906,32
26907,2
26909,42
26913,2
26915,2
26916,60
26918,48
26919,42
26925,60
26933,2
26947,42
26949,42
26951,2
26957,2
26958,2
26967,60
26974,2
26995,60
26996,13
27004,32
27013,2
27019,2
27029,60
27033,42
27042,42
27046,43
27067,42
27069,56
27075,61
27078,0
27080,2
27082,2
27084,42
27085,42
27086,42
27096,42
27108,42
27112,18
27118,5
27138,42
27140,60
27142,17
27157,60
27158,8
27159,8
27161,60
27171,8
27174,8
27184,43
27185,8
27186,25
27203,25
27214,8
27216,39
27218,60
27222,18
27228,60
27231,45
27232,45
27233,45
27234,60
27235,45
27237,45
27239,45
27240,60
27241,60
27242,45
27243,25
27244,60
27245,25
27246,60
27247,25
27248,25
27249,45
27250,45
27255,39
27257,45
27259,42
27262,60
27264,45
27265,45
27269,42
27270,45
27273,45
27274,53
27275,53
27276,42
27278,45
27279,53
27282,53
27283,53
27284,53
27285,53
27287,53
27292,45
27294,53
27296,45
27303,42
27305,56
27310,45
27313,53
27317,60
27320,45
27322,45
27327,45
27328,43
27331,45
27332,25
27337,60
27339,35
27340,45
27342,45
27343,45
27344,45
27345,45
27346,42
27350,46
27351,45
27352,15
27355,45
27356,45
27357,45
27358,45
27360,45
27361,53
27362,60
27364,45
27365,45
27367,45
27369,45
27370,45
27371,45
27372,42
27373,45
27374,45
27375,45
27376,45
27377,45
27379,42
27382,45
27383,45
27385,60
27387,25
27388,42
27390,45
27391,35
27392,35
27393,45
27394,42
27396,1
27397,45
27406,45
27411,45
27412,42
27413,45
27415,38
27419,42
27420,47
27422,45
27426,42
27428,42
27429,45
27431,45
27432,42
27433,47
27435,45
27443,45
27444,45
27445,45
27446,45
27449,45
27450,15
27451,61
27452,45
27453,42
27455,28
27456,15
27461,45
27463,15
27464,15
27466,42
27467,42
27470,61
27474,42
27475,61
27476,48
27477,60
27478,47
27481,15
27500,11
27501,57
27513,8
27516,56
27526,50
27527,57
27529,42
27533,17
27534,57
27579,42
27581,42
27582,42
27583,34
27584,60
27587,34
27590,60
27591,50
27593,34
27602,6
27610,42
27611,60
27614,56
27616,39
27624,44
27625,42
27627,39
27629,39
27634,17
27635,39
27640,24
27641,43
27652,8
27653,60
27654,48
27656,48
27658,56
27661,60
27664,11
27666,42
27680,50
27692,17
27693,17
27694,39
27695,17
27696,43
27697,39
27698,60
27700,60
27702,39
27703,17
27704,57
27705,39
27714,39
27716,39
27717,42
27718,60
27720,39
27721,50
27728,60
27733,41
27752,41
27755,41
27756,60
27757,41
27764,41
27775,41
27779,41
27782,41
27783,41
27785,41
27786,41
27800,39
27808,25
27809,61
27813,44
27815,42
27818,22
27823,44
27836,60
27842,60
27843,60
27847,56
27848,60
27861,17
27869,11
27873,50
27881,43
27885,11
27895,50
27896,50
27908,11
27918,50
27924,56
27929,42
27936,50
27939,42
27941,5
27973,42
27993,44
27994,44
27997,44
27999,39
28002,13
28003,60
28006,42
28007,42
28012,42
28017,53
28019,60
28023,60
28027,50
28028,60
28032,42
28107,39
28110,61
28116,51
28117,60
28118,22
28257,42
28265,42
28267,18
28271,8
28273,60
28274,60
28279,42
28280,8
28285,8
28286,43
28289,8
28293,11
28295,42
28304,11
28305,8
28306,42
28308,8
28309,42
28312,60
28315,48
28318,42
28320,42
28324,42
28330,11
28343,42
28345,11
28373,46
28375,60
28380,42
28387,61
28395,42
28396,60
28412,43
28415,42
28417,42
28423,25
28425,56
28429,44
28433,25
28434,25
28435,61
28443,56
28446,42
28447,42
28449,42
28453,8
28463,42
28465,11
28470,43
28472,42
28473,44
28487,42
28491,11
28493,18
28506,43
28508,56
28510,42
28512,11
28513,11
28518,42
28521,56
28524,5
28525,56
28531,42
28542,11
28543,30
28544,43
28551,9
28553,43
28554,42
28558,9
28559,42
28560,47
28561,61
28562,4
28566,9
28575,38
28581,60
28586,42
28587,42
28591,42
28593,56
28602,42
28605,43
28606,38
28623,61
28627,8
28628,11
28629,11
28631,8
28646,60
28649,47
28651,61
28652,47
28655,42
28656,42
28659,47
28660,43
28661,60
28662,60
28664,47
28666,42
28669,43
28670,18
28673,42
28674,42
28675,22
28680,42
28685,25
28686,43
28687,42
28691,58
28692,57
28694,25
28695,60
28698,42
28703,37
28704,42
28715,18
28716,57
28718,25
28732,61
28735,25
28741,42
28743,60
28744,57
28745,60
28747,51
28749,60
28751,11
28753,60
28755,43
28764,2
28769,11
28770,42
28788,5
28792,39
28798,42
28810,11
28827,43
28831,42
28833,2
28835,11
28848,11
28852,42
28853,44
28859,48
28874,11
28880,11
28882,44
28884,43
28890,11
28891,11
28901,11
28902,42
28912,11
28915,43
28916,60
28927,2
28928,43
28929,42
28930,42
28931,11
28932,60
28956,48
28958,44
28967,60
28968,60
28969,42
28986,42
28987,42
28988,42
28995,42
28997,43
28998,42
28999,42
29006,8
29010,42
29014,25
29016,42
29018,42
29019,43
29026,42
29032,42
29034,28
29048,43
29058,1
29069,60
29085,48
29101,60
29141,42
29146,43
29149,42
29151,42
29161,47
29162,60
29165,60
29172,60
29187,60
29197,43
29218,28
29224,43
29225,42
29229,39
29245,43
29248,34
29255,41
29257,41
29258,41
29266,60
29273,41
29276,41
29278,42
29279,15
29280,41
29286,41
29304,41
29306,55
29307,55
29308,43
29316,41
29317,41
29318,41
29334,39
29337,60
29349,24
29354,56
29357,24
29359,24
29362,24
29366,24
29382,55
29385,39
29386,42
29388,24
29393,59
29394,55
29395,55
29405,24
29406,48
29407,24
29408,24
29409,24
29412,24
29419,60
29420,43
29423,18
29427,43
29433,42
29436,43
29443,60
29446,43
29448,47
29450,44
29453,43
29456,42
29459,44
29460,42
29461,22
29464,44
29467,37
29470,60
29476,61
29480,44
29481,44
29482,23
29484,60
29485,61
29486,44
29488,60
29489,44
29491,42
29492,60
29494,60
29495,23
29497,60
29498,18
29501,61
29506,60
29507,44
29508,42
29509,46
29513,18
29514,42
29525,61
29526,44
29530,60
29533,42
29536,42
29539,43
29540,60
29542,44
29545,44
29547,42
29550,60
29551,60
29565,42
29571,42
29573,8
29575,60
29576,43
29584,43
29585,43
29586,56
29598,18
29608,56
29609,43
29611,42
29613,50
29622,43
29624,50
29628,5
29634,61
29635,50
29638,50
29640,42
29642,5
29646,50
29647,42
29649,50
29655,60
29658,42
29661,17
29664,42
29667,50
29682,7
29687,60
29697,9
29699,5
29700,61
29702,17
29703,43
29711,43
29712,42
29713,61
29714,43
29721,61
29726,60
29728,60
29737,17
29738,61
29739,43
29750,7
29760,43
29765,17
29766,42
29768,60
29774,42
29775,17
29778,60
29785,18
29801,42
29805,60
29806,17
29808,46
29812,17
29815,60
29817,61
29819,42
29827,5
29831,61
29835,18
29836,44
29845,7
29851,60
29864,42
29887,60
29889,43
29894,61
29897,42
29898,22
29907,30
29911,39
29916,60
29917,44
29919,42
29934,43
29937,42
29969,43
30031,46
30168,42
30183,43
30203,41
30220,43
30229,43
30233,43
30241,43
30248,43
30277,43
30322,43
30332,43
30334,43
30337,43
30351,51
30356,43
30364,60
30368,60
30374,28
30376,60
30379,28
30381,39
30385,25
30387,42
30388,25
30389,60
30390,46
30394,42
30401,28
30404,51
30407,51
30411,35
30414,10
30416,57
30418,42
30421,42
30439,42
30441,52
30474,18
30492,43
30494,11
30495,11
30496,30
30505,17
30507,9
30516,43
30517,42
30518,42
30529,18
30535,42
30543,7
30547,3
30553,3
30554,60
30555,42
30570,11
30584,43
30585,25
30589,43
30591,57
30619,42
30626,60
30627,42
30632,39
30636,60
30638,43
30639,48
30642,42
30645,60
30649,60
30652,44
30661,42
30662,43
30669,43
30675,1
30680,42
30682,42
30683,42
30684,44
30685,44
30687,42
30688,42
30697,60
30701,42
30703,42
30705,48
30706,48
30708,8
30722,43
30730,8
30731,60
30738,61
30741,56
30742,61
30743,42
30746,42
30748,44
30759,57
30762,42
30763,42
30764,37
30765,37
30766,42
30767,42
30780,60
30781,44
30782,42
30784,42
30785,8
30787,56
30788,43
30789,13
30791,42
30795,8
30797,25
30803,42
30805,42
30809,46
30816,5
30821,42
30822,5
30825,42
30826,46
30827,18
30831,38
30836,42
30838,5
30845,46
30848,5
30853,44
30857,42
30862,13
30865,25
30867,60
30872,42
30880,32
30882,42
30884,42
30886,46
30892,44
30898,44
30904,44
30908,44
30916,44
30919,18
30927,56
30935,44
30948,42
30949,42
30952,44
30957,44
30958,44
30971,39
30975,43
31008,42
31020,42
31022,44
31029,42
31030,60
31044,44
31050,42
31054,44
31076,42
31088,43
31089,41
31101,24
31117,60
31136,16
31139,43
31142,42
31147,42
31149,57
31158,39
31161,60
31169,42
31170,42
31178,7
31181,56
31188,56
31194,56
31195,51
31196,42
31202,60
31204,56
31206,60
31208,56
31212,34
31213,42
31217,18
31218,61
31219,50
31222,43
31223,50
31224,18
31231,60
31235,60
31240,43
31241,60
31247,44
31257,42
31263,43
31266,5
31270,60
31285,48
31291,11
31292,42
31295,60
31296,42
31297,11
31299,5
31300,61
31306,48
31308,43
31319,42
31321,17
31322,17
31324,4
31343,39
31345,5
31350,60
31354,42
31358,42
31361,5
31368,60
31385,60
31389,16
31393,43
31397,44
31423,43
31441,18
31458,42
31488,43
31491,42
31493,20
31524,42
31539,42
31543,43
31557,42
31567,42
31584,38
31610,42
31616,18
31627,43
31633,42
31635,43
31636,42
31638,43
31645,18
31649,42
31653,42
31658,56
31663,43
31707,42
31715,56
31716,56
31719,0
31721,60
31722,0
31723,0
31725,0
31731,0
31735,0
31736,0
31737,0
31746,0
31747,0
31750,42
31751,0
31752,0
31753,0
31754,0
31758,0
31760,0
31762,42
31765,0
31767,0
31773,0
31774,0
31779,0
31782,56
31784,0
31788,0
31791,42
31793,43
31794,0
31795,0
31797,0
31798,0
31803,42
31804,42
31805,0
31809,0
31815,0
31821,42
31822,0
31823,61
31829,42
31831,0
31835,0
31839,0
31841,0
31842,61
31846,25
31852,0
31855,0
31860,42
31862,0
31868,0
31871,42
31876,0
31877,61
31878,0
31886,52
31887,42
31889,25
31891,42
31897,47
31900,25
31913,43
31931,47
31936,42
31943,43
31950,0
31971,42
31973,26
31976,60
31977,60
31980,42
31983,49
31985,34
31986,42
31987,42
31988,38
31991,49
31993,5
31994,43
32002,34
32003,34
32004,34
32005,34
32007,42
32008,5
32009,5
32010,34
32011,5
32013,43
32014,34
32015,42
32016,60
32020,42
32025,34
32028,34
32033,60
32034,34
32035,34
32036,34
32037,43
32038,5
32041,33
32042,49
32043,56
32050,34
32051,34
32052,60
32054,49
32055,34
32060,49
32062,42
32063,46
32065,34
32072,50
32073,17
32078,42
32079,61
32080,42
32081,5
32085,5
32086,39
32091,42
32093,41
32097,60
32101,51
32103,42
32105,42
32111,42
32114,61
32121,42
32129,5
32130,39
32147,41
32149,42
32152,56
32167,56
32182,43
32193,60
32194,43
32198,56
32200,18
32202,44
32206,18
32207,60
32217,6
32221,56
32225,61
32231,56
32235,56
32241,6
32265,42
32266,43
32267,42
32276,42
32309,1
32311,56
32312,13
32314,43
32318,60
32322,60
32328,25
32336,15
32340,61
32348,60
32350,42
32354,60
32355,42
32364,48
32379,44
32380,44
32385,43
32386,43
32391,61
32392,43
32395,42
32402,44
32403,43
32412,6
32413,6
32414,43
32424,56
32429,5
32431,42
32437,42
32438,44
32440,44
32442,6
32457,6
32459,39
32461,60
32463,41
32464,25
32468,9
32469,44
32475,40
32477,40
32494,43
32500,40
32501,40
32503,42
32508,40
32512,43
32515,42
32516,42
32517,40
32520,60
32526,42
32528,42
32529,43
32531,44
32537,42
32539,40
32548,40
32551,44
32553,40
32554,60
32555,43
32560,59
32562,40
32565,42
32567,25
32571,40
32585,57
32592,42
32595,59
32600,42
32602,43
32616,43
32649,44
32657,60
32661,40
32669,43
32671,40
32679,43
32689,40
32694,43
32695,42
32699,60
32710,5
32715,40
32729,42
32736,59
32737,14
32740,61
32747,42
32752,42
32753,49
32758,49
32759,49
32763,42
32767,43
32769,42
32771,5
32778,46
32781,42
32785,46
32788,60
32793,43
32795,49
32802,49
32805,43
32814,49
32816,49
32817,43
32818,49
32821,49
32824,42
32825,60
32827,60
32829,42
32831,49
32832,60
32834,49
32836,49
32837,49
32842,60
32844,43
32845,49
32846,44
32847,49
32848,46
32849,42
32853,42
32857,60
32859,49
32862,49
32864,60
32879,46
32880,42
32882,46
32883,42
32890,46
32893,46
32897,49
32909,60
32913,42
32914,49
32916,46
32918,49
32920,49
32925,42
32927,42
32928,46
32930,60
32945,61
32960,42
32961,42
32965,60
32967,42
32968,61
32969,60
32970,60
32974,60
32978,60
32979,42
32986,60
32988,27
32996,20
32998,42
33002,18
33003,42
33004,11
33010,11
33088,42
33091,8
33093,8
33094,42
33098,60
33100,17
33104,3
33106,34
33107,34
33113,60
33119,22
33140,21
33142,30
33152,21
33153,42
33163,42
33166,42
33167,61
33171,60
33177,43
33180,43
33183,61
33190,21
33192,18
33194,25
33199,18
33201,42
33213,42
33319,56
33328,42
33344,42
33345,44
33363,56
33364,60
33373,20
33376,56
33384,56
33395,20
33403,56
33404,56
33405,56
33415,20
33418,42
33426,42
33437,56
33456,30
33460,43
33461,20
33483,20
33489,22
33492,42
33494,60
33497,60
33504,42
33505,20
33509,20
33510,20
33511,20
33514,20
33516,30
33519,42
33524,20
33540,42
33545,42
33546,61
33555,20
33557,43
33567,20
33577,11
33578,43
33587,8
33590,42
33591,60
33593,39
33597,8
33598,8
33599,39
33600,8
33605,43
33608,42
33609,60
33616,42
33622,56
33640,42
33647,3
33648,47
33657,42
33679,9
33682,51
33683,38
33701,60
33707,43
33710,48
33738,39
33739,42
33740,60
33741,42
33742,3
33744,56
33745,39
33746,5
33747,42
33750,43
33751,60
33754,60
33755,61
33756,60
33757,60
33759,42
33765,56
33770,44
33772,61
33778,60
33780,43
33797,60
33826,43
33828,43
33835,39
33842,43
33853,39
33856,39
33866,39
33911,46
33913,43
33924,39
33928,39
33932,39
33933,39
33934,39
33974,56
33978,18
33979,60
33983,60
33984,42
33988,8
33989,60
33994,60
33996,60
34000,8
34001,43
34009,42
34010,37
34011,42
34016,42
34021,42
34022,37
34029,42
34033,37
34040,56
34042,42
34064,18
34070,37
34074,37
34083,47
34096,42
34099,58
34101,47
34104,37
34108,42
34132,46
34133,11
34137,42
34142,42
34144,25
34145,42
34149,61
34150,61
34151,20
34152,61
34153,42
34155,42
34157,10
34161,42
34163,42
34165,42
34173,42
34176,42
34185,34
34186,34
34187,43
34189,34
34190,47
34198,61
34199,43
34200,32
34212,25
34213,42
34214,11
34215,60
34217,60
34224,17
34228,43
34229,30
34230,43
34231,39
34233,61
34234,42
34236,17
34241,17
34242,43
34243,11
34244,17
34245,43
34248,60
34251,18
34254,18
34259,30
34273,42
34283,60
34288,61
34295,43
34297,57
34298,43
34300,57
34301,57
34304,60
34307,11
34309,42
34323,60
34325,42
34331,50
34338,49
34345,50
34352,42
34355,56
34357,50
34361,60
34362,42
34364,42
34374,56
34378,50
34381,42
34385,46
34389,39
34394,42
34396,42
34406,56
34407,42
34410,42
34419,42
34422,57
34425,60
34432,42
34436,15
34444,42
34445,60
34447,22
34449,42
34465,61
34475,50
34491,42
34492,50
34494,42
34495,50
34496,43
34500,42
34502,50
34503,50
34505,50
34524,50
34526,50
34528,50
34531,60
34537,42
34555,18
34582,15
34584,5
34594,46
34596,40
34598,46
34599,59
34600,46
34603,46
34605,18
34614,60
34619,60
34622,40
34624,46
34625,42
34626,18
34629,40
34630,40
34632,60
34635,60
34637,42
34644,60
34650,46
34653,40
34654,5
34655,5
34656,43
34658,42
34660,50
34661,42
34663,43
34664,42
34665,18
34666,59
34675,44
34690,39
34694,39
34707,39
34721,39
34722,39
34727,60
34728,0
34734,39
34735,39
34738,39
34740,39
34742,39
34748,39
34757,39
34758,42
34763,39
34784,39
34790,39
34791,39
34792,39
34804,39
34814,39
34833,39
34836,39
34838,39
34844,39
34856,39
34874,0
34878,0
34881,39
34884,39
34904,39
34908,0
34925,39
34926,39
34937,22
34958,39
34961,56
34973,39
34976,39
34979,43
34994,39
35017,39
35021,60
35045,39
35062,42
35063,42
35064,42
35066,42
35070,42
35074,42
35078,60
35086,48
35095,1
35096,60
35098,42
35099,61
35101,42
35107,58
35115,42
35125,34
35138,17
35143,42
35149,18
35160,17
35163,34
35174,42
35179,43
35182,17
35188,17
35197,42
35205,60
35214,42
35215,17
35217,17
35218,33
35223,42
35227,18
35241,60
35248,17
35251,60
35260,42
35262,34
35266,42
35269,17
35271,34
35273,34
35276,60
35277,43
35286,60
35289,18
35290,34
35291,18
35292,42
35297,17
35303,60
35307,27
35311,39
35312,27
35313,27
35317,27
35319,42
35320,39
35322,42
35323,27
35327,60
35331,43
35332,27
35334,27
35341,39
35343,27
35346,5
35347,39
35349,60
35350,42
35353,60
35356,27
35358,27
35359,60
35361,44
35367,27
35368,27
35369,27
35371,27
35381,42
35383,22
35392,42
35393,22
35395,42
35397,43
35398,22
35399,41
35400,42
35401,60
35402,44
35403,22
35405,44
35406,42
35407,22
35408,22
35419,56
35425,43
35434,57
35441,18
35446,42
35447,42
35448,57
35449,25
35454,42
35465,17
35472,42
35474,21
35476,42
35479,17
35482,60
35491,61
35500,61
35502,42
35505,5
35507,56
35511,9
35513,42
35514,43
35518,60
35520,50
35532,60
35538,60
35542,42
35543,61
35553,15
35580,50
35582,60
35584,60
35590,42
35602,41
35606,42
35607,56
35610,56
35614,60
35615,60
35617,44
35618,41
35619,41
35620,41
35622,60
35625,41
35627,56
35628,43
35632,42
35634,41
35642,41
35650,60
35654,41
35657,60
35659,41
35670,41
35685,42
35686,41
35688,44
35692,42
35693,43
35694,43
35695,43
35697,41
35700,8
35702,8
35703,11
35704,11
35705,52
35715,22
35716,42
35717,42
35718,22
35727,56
35728,56
35730,22
35733,22
35735,42
35737,42
35739,22
35741,60
35743,22
35744,61
35745,22
35748,56
35750,61
35751,43
35753,43
35755,60
35762,18
35764,56
35765,56
35767,43
35770,56
35772,22
35783,15
35784,42
35790,22
35791,17
35792,22
35793,42
35800,21
35801,42
35804,56
35807,20
35811,43
35813,56
35817,43
35821,60
35822,22
35823,22
35828,42
35831,48
35835,24
35836,24
35837,24
35844,24
35846,55
35849,55
35850,24
35852,24
35854,24
35859,24
35860,42
35861,55
35862,55
35864,55
35865,24
35866,14
35867,55
35869,55
35872,55
35873,55
35874,55
35877,55
35878,44
35880,48
35882,24
35883,24
35888,55
35890,11
35891,24
35892,55
35893,60
35895,56
35896,60
35901,24
35902,56
35903,55
35904,55
35905,55
35908,60
35909,55
35910,24
35911,24
35913,25
35914,5
35916,24
35917,43
35918,55
35919,60
35923,55
35925,55
35927,55
35928,55
35929,55
35931,55
35932,55
35934,55
35935,56
35940,60
35941,55
35944,55
35947,24
35948,24
35950,55
35953,42
35955,55
35956,56
35958,55
35962,39
35963,55
35965,55
35969,55
35970,61
35977,42
35980,42
35981,60
35989,42
35990,47
35996,3
36001,30
36002,42
36008,18
36015,3
36034,30
36038,56
36040,56
36048,42
36053,56
36056,47
36063,42
36065,21
36077,26
36078,19
36080,56
36083,21
36087,18
36088,18
36089,42
36090,47
36091,43
36097,42
36099,43
36110,47
36115,3
36118,43
36127,47
36132,51
36133,51
36134,61
36135,42
36139,61
36141,21
36142,60
36143,5
36144,60
36145,60
36146,42
36147,42
36148,60
36158,21
36159,42
36160,42
36163,0
36187,42
36188,42
36194,43
36197,7
36201,0
36202,56
36203,7
36237,42
36239,60
36240,11
36242,60
36254,42
36255,44
36275,42
36277,56
36278,20
36279,44
36281,42
36283,61
36285,60
36301,44
36313,37
36321,61
36324,42
36329,56
36333,60
36339,42
36341,11
36343,8
36346,48
36348,8
36352,8
36354,11
36356,42
36365,42
36373,11
36380,11
36383,11
36388,60
36389,42
36394,44
36396,40
36399,61
36415,61
36416,43
36420,44
36446,61
36450,43
36452,61
36460,56
36463,22
36476,61
36482,42
36484,22
36499,22
36505,13
36527,61
36533,61
36539,18
36576,42
36578,43
36591,61
36595,18
36596,61
36599,8
36623,46
36629,42
36638,42
36642,42
36643,21
36647,25
36649,21
36655,54
36659,21
36660,42
36668,56
36674,42
36675,43
36678,42
36684,42
36695,61
36700,42
36714,17
36730,42
36741,16
36758,21
36759,43
36770,22
36778,22
36779,17
36786,42
36788,22
36792,42
36793,60
36797,61
36803,42
36806,7
36809,42
36815,44
36823,15
36825,43
36826,42
36846,56
36854,61
36859,22
36861,18
36862,43
36864,43
36865,22
36869,5
36870,39
36876,42
36896,24
36900,18
36907,11
36908,39
36914,21
36922,47
36923,60
36924,42
36931,34
36945,58
36947,42
36948,23
36952,34
36954,42
36957,43
36961,42
36965,0
36967,42
36972,42
36981,42
36991,43
36993,58
36994,42
36995,42
37005,42
37010,60
37015,48
37021,48
37024,48
37026,43
37034,48
37035,43
37037,11
37039,43
37040,48
37045,11
37046,43
37048,48
37049,56
37052,48
37054,48
37065,18
37066,60
37069,48
37071,42
37076,60
37083,48
37084,48
37095,48
37098,48
37099,48
37102,48
37104,30
37106,48
37109,5
37110,48
37112,42
37117,11
37118,48
37126,44
37132,11
37137,48
37139,42
37141,42
37142,42
37144,48
37152,60
37153,48
37154,42
37161,11
37169,48
37171,44
37181,48
37182,60
37183,11
37188,48
37189,48
37190,48
37192,48
37196,48
37199,48
37211,48
37217,39
37222,43
37223,49
37224,60
37225,18
37226,18
37230,42
37232,49
37233,42
37237,57
37241,48
37246,60
37248,8
37251,60
37254,42
37256,42
37269,42
37313,43
37315,42
37318,17
37319,17
37320,56
37327,60
37329,42
37338,8
37339,57
37346,60
37347,29
37356,22
37357,60
37360,38
37361,60
37364,42
37368,43
37372,60
37373,6
37374,3
37375,42
37377,60
37379,39
37385,42
37388,60
37389,42
37391,47
37393,60
37394,37
37397,37
37404,37
37405,37
37406,42
37407,39
37414,46
37417,43
37419,3
37428,6
37436,60
37438,42
37439,11
37440,60
37441,42
37447,1
37450,43
37461,8
37468,60
37470,42
37471,44
37472,7
37475,56
37479,61
37493,60
37539,27
37551,42
37558,46
37560,34
37569,42
37572,18
37577,43
37579,42
37585,46
37587,46
37589,42
37590,46
37591,46
37603,34
37604,46
37605,34
37608,46
37609,34
37611,60
37613,34
37617,46
37620,42
37622,60
37625,10
37626,46
37627,46
37628,34
37632,46
37633,1
37637,46
37640,46
37645,46
37647,39
37648,60
37649,42
37651,39
37662,44
37663,11
37664,43
37666,48
37668,48
37669,44
37670,60
37674,60
37682,42
37684,48
37685,42
37686,43
37687,44
37688,61
37690,44
37692,48
37694,44
37696,42
37699,43
37700,44
37701,44
37703,42
37709,47
37711,44
37718,60
37721,48
37722,47
37723,11
37725,11
37727,48
37728,11
37729,44
37731,42
37732,60
37737,60
37742,44
37743,44
37744,11
37746,44
37747,42
37751,42
37755,43
37758,46
37764,60
37766,48
37768,44
37770,44
37773,48
37775,11
37777,58
37778,48
37779,42
37780,43
37781,42
37784,48
37785,48
37786,60
37788,48
37790,48
37791,42
37792,43
37794,48
37795,33
37797,48
37801,32
37802,47
37803,48
37804,43
37805,42
37807,43
37808,48
37809,11
37812,48
37813,44
37815,18
37820,48
37822,44
37827,43
37830,11
37831,44
37832,42
37834,48
37836,42
37839,42
37845,42
37850,42
37853,49
37854,49
37855,60
37857,42
37858,49
37859,56
37863,5
37866,13
37869,49
37871,49
37872,43
37878,60
37887,49
37888,49
37889,56
37891,49
37892,49
37894,56
37898,49
37901,49
37904,49
37905,42
37906,60
37908,42
37909,13
37910,42
37913,49
37916,49
37917,49
37919,49
37920,57
37923,60
37925,49
37929,56
37939,58
37940,42
37944,42
37946,42
37948,43
37958,5
37965,49
37967,49
37970,42
37982,49
37983,42
37986,60
37994,42
38029,23
38043,10
38048,42
38051,44
38052,15
38053,6
38054,6
38055,6
38056,6
38057,49
38058,61
38059,6
38061,6
38062,42
38063,15
38066,6
38067,6
38068,60
38069,44
38072,6
38073,61
38075,35
38076,61
38079,44
38080,6
38083,42
38085,44
38087,57
38088,43
38089,6
38093,44
38094,56
38097,46
38098,6
38103,18
38104,61
38105,6
38108,60
38113,57
38114,34
38116,60
38117,41
38127,42
38130,42
38131,60
38132,60
38134,42
38136,25
38137,60
38144,57
38147,60
38149,25
38150,43
38151,43
38152,42
38159,42
38167,42
38168,57
38170,43
38171,43
38172,43
38173,57
38175,43
38180,60
38187,45
38188,43
38190,43
38191,57
38197,42
38202,44
38211,42
38214,60
38249,44
38260,44
38266,43
38267,44
38273,42
38301,42
38303,59
38311,9
38324,42
38329,43
38330,44
38351,18
38364,8
38366,17
38367,8
38371,8
38374,44
38391,60
38401,39
38404,60
38409,42
38410,60
38412,24
38417,60
38418,42
38419,39
38423,42
38424,42
38428,42
38429,24
38430,24
38432,5
38433,60
38435,15
38438,43
38442,60
38445,56
38446,24
38448,42
38449,42
38453,44
38455,24
38457,42
38458,60
38460,42
38465,42
38474,44
38479,44
38486,11
38487,44
38498,60
38502,43
38503,48
38518,48
38520,48
38524,44
38525,44
38528,48
38529,11
38533,44
38540,42
38541,42
38543,60
38544,44
38545,44
38546,23
38547,42
38548,44
38554,56
38555,42
38559,60
38560,62
38564,62
38572,42
38573,42
38575,62
38577,23
38580,42
38584,47
38590,47
38591,42
38609,42
38617,46
38618,62
38627,42
38635,56
38643,43
38645,62
38653,47
38659,62
38663,62
38667,47
38671,62
38672,62
38674,42
38675,42
38680,46
38682,42
38684,42
38686,47
38690,62
38692,42
38693,34
38700,62
38718,62
38721,62
38723,42
38724,62
38725,42
38727,42
38731,62
38733,47
38744,62
38748,42
38749,60
38752,56
38757,42
38758,62
38762,21
38764,46
38766,62
38767,42
38772,60
38781,62
38792,61
38793,62
38796,62
38798,62
38799,47
38801,62
38804,62
38809,47
38812,0
38813,43
38815,0
38817,42
38823,60
38824,30
38825,42
38827,25
38828,0
38829,25
38831,60
38832,42
38833,0
38834,60
38835,60
38836,60
38837,0
38838,0
38839,0
38841,5
38842,60
38844,42
38846,60
38848,0
38850,0
38852,42
38854,0
38858,39
38861,60
38865,34
38866,5
38869,41
38873,60
38874,60
38876,42
38880,5
38881,43
38883,43
38884,42
38887,60
38889,56
38896,60
38898,60
38899,44
38902,60
38904,61
38906,18
38910,42
38912,60
38923,44
38928,27
38934,27
38935,44
38938,27
38945,27
38948,44
38953,27
38961,27
38964,43
38981,32
38994,55
38999,44
39009,42
39012,27
39024,43
39025,42
39030,15
39033,43
39041,56
39042,60
39063,27
39067,42
39073,27
39080,27
39101,43
39104,61
39115,43
39116,18
39121,42
39122,42
39123,44
39126,27
39159,27
39166,27
39174,27
39189,42
39190,43
39194,43
39208,27
39216,60
39224,27
39229,27
39233,44
39238,42
39250,21
39255,43
39258,60
39263,43
39265,43
39267,42
39274,43
39276,21
39278,21
39281,21
39286,42
39290,42
39293,42
39294,42
39295,21
39296,42
39297,18
39301,43
39302,42
39303,42
39308,42
39309,42
39311,61
39314,42
39316,42
39317,21
39318,42
39325,61
39326,21
39327,21
39330,61
39331,61
39341,42
39345,42
39348,60
39350,42
39352,42
39353,42
39356,43
39358,21
39361,60
39367,25
39371,21
39376,42
39377,21
39378,60
39382,61
39383,56
39384,42
39386,60
39389,21
39395,43
39398,42
39400,3
39403,21
39406,21
39408,0
39411,60
39413,17
39414,50
39415,50
39417,29
39418,60
39423,56
39426,42
39428,50
39432,42
39433,50
39435,42
39437,42
39480,44
39486,61
39491,21
39492,21
39495,21
39496,61
39500,21
39504,47
39509,42
39511,42
39512,60
39518,60
39521,18
39526,60
39527,21
39529,21
39530,60
39531,21
39539,61
39540,21
39545,25
39552,42
39554,29
39556,21
39561,18
39565,42
39569,43
39571,42
39572,21
39573,21
39574,29
39578,43
39584,42
39586,42
39590,21
39594,21
39599,25
39600,60
39611,42
39613,43
39617,10
39620,5
39622,42
39627,42
39632,42
39636,42
39639,8
39643,42
39644,42
39648,42
39652,60
39656,25
39657,13
39672,18
39675,43
39684,48
39689,3
39690,44
39691,18
39696,11
39698,44
39700,18
39706,43
39709,42
39724,60
39754,48
39760,21
39765,42
39767,32
39770,46
39773,58
39775,43
39776,18
39777,42
39779,58
39781,42
39782,25
39783,48
39797,14
39843,20
39847,42
39861,20
39867,56
39869,20
39871,42
39872,20
39873,56
39883,60
39888,61
39890,56
39894,42
39896,61
39897,22
39909,43
39927,32
39934,43
39945,5
39950,58
39965,61
39967,35
39976,25
39977,25
39991,50
39992,50
39994,42
39999,50
40001,60
40006,18
40008,61
40011,42
40013,42
40014,60
40017,22
40025,42
40029,42
40030,61
40031,25
40032,43
40034,42
40035,61
40037,25
40038,42
40042,61
40048,25
40051,61
40054,61
40056,25
40057,25
40058,42
40061,25
40062,42
40065,25
40066,25
40067,60
40068,25
40072,25
40073,21
40074,25
40075,25
40076,42
40080,61
40081,25
40082,42
40084,43
40090,6
40091,8
40112,57
40115,57
40123,21
40125,51
40129,58
40131,58
40136,43
40137,62
40140,21
40148,51
40154,58
40162,58
40163,58
40164,21
40167,60
40178,58
40181,48
40182,60
40183,11
40184,43
40185,48
40187,50
40189,11
40191,42
40192,60
40193,42
40195,42
40197,42
40198,7
40200,42
40201,60
40204,42
40211,7
40212,7
40214,56
40216,7
40220,7
40223,42
40224,7
40227,42
40230,7
40231,42
40232,7
40234,7
40235,42
40237,60
40238,7
40239,42
40240,61
40242,42
40246,61
40249,7
40253,42
40254,7
40255,7
40256,7
40258,7
40259,7
40265,7
40266,7
40270,7
40271,60
40273,7
40297,42
40298,42
40310,38
40314,9
40316,56
40319,42
40337,9
40338,10
40350,60
40354,42
40355,9
40371,43
40384,38
40392,3
40402,9
40403,38
40404,44
40405,38
40409,0
40410,42
40411,33
40414,19
40419,18
40420,60
40424,18
40432,33
40440,14
40449,49
40452,17
40455,42
40465,42
40468,17
40472,60
40473,61
40477,42
40479,42
40481,17
40486,25
40487,28
40489,35
40492,30
40503,42
40505,42
40510,48
40512,11
40514,11
40528,48
40530,34
40536,48
40543,5
40547,61
40548,42
40549,39
40552,8
40557,8
40558,39
40635,42
40636,56
40700,43
40703,48
40717,11
40724,11
40731,11
40781,16
40785,21
40786,21
40789,61
40792,58
40796,29
40797,18
40798,42
40799,26
40800,42
40806,42
40812,25
40825,8
40826,44
40833,42
40843,42
40846,60
40851,60
40855,42
40861,60
40864,60
40865,60
40873,51
40874,60
40876,51
40883,42
40886,42
40887,42
40896,51
40898,56
40899,20
40902,51
40903,42
40904,60
40908,60
40910,42
40911,51
40914,51
40915,61
40916,56
40917,51
40919,42
40920,42
40921,42
40925,51
40929,44
40932,60
40933,51
40934,20
40935,60
40938,22
40939,51
40940,51
40941,60
40942,51
40944,51
40947,9
40948,60
40954,51
40955,51
40958,20
40964,51
40965,22
40968,60
40969,60
40970,60
40972,60
40973,60
40974,51
40975,60
40976,51
40977,51
40978,25
40979,61
40983,43
40984,42
40992,44
40994,51
40995,42
41000,46
41003,25
41005,60
41006,60
41011,18
41012,51
41013,51
41015,60
41016,51
41017,42
41019,60
41024,42
41027,51
41031,42
41033,42
41036,61
41037,61
41039,0
41046,25
41047,51
41049,51
41051,60
41053,42
41054,51
41067,48
41068,43
41070,43
41076,42
41078,43
41082,42
41083,11
41084,42
41101,47
41103,56
41104,42
41107,11
41109,56
41113,35
41115,42
41117,11
41119,39
41123,61
41124,42
41126,42
41133,17
41135,42
41136,43
41158,56
41179,46
41183,42
41186,42
41187,24
41189,5
41190,42
41192,60
41193,61
41195,42
41197,42
41198,42
41203,43
41206,60
41212,56
41214,22
41215,60
41216,18
41217,15
41249,42
41264,60
41265,43
41267,60
41270,18
41276,48
41277,48
41286,44
41287,44
41293,43
41294,43
41297,11
41299,43
41304,48
41309,44
41313,39
41315,18
41321,48
41323,44
41324,44
41325,48
41326,42
41328,48
41336,48
41337,48
41351,0
41352,42
41353,60
41354,60
41358,42
41359,42
41371,22
41377,61
41383,61
41394,60
41401,60
41412,25
41415,25
41421,42
41423,60
41452,42
41466,43
41481,46
41485,60
41487,60
41502,60
41508,5
41517,23
41522,42
41525,23
41529,42
41532,23
41533,23
41538,42
41539,23
41541,37
41544,23
41546,23
41551,42
41561,37
41565,23
41568,42
41570,42
41573,23
41579,23
41583,23
41585,42
41591,23
41593,23
41597,23
41598,23
41599,23
41601,23
41607,42
41617,23
41622,42
41625,42
41626,23
41628,60
41629,37
41630,0
41631,23
41640,23
41647,23
41651,42
41653,42
41655,42
41657,23
41659,37
41661,25
41662,23
41664,23
41666,23
41668,23
41669,23
41674,23
41677,23
41679,23
41680,23
41684,23
41685,23
41688,23
41689,23
41691,23
41692,23
41698,23
41703,42
41704,42
41714,23
41716,42
41717,23
41718,23
41729,42
41731,42
41732,23
41738,42
41739,23
41741,37
41746,23
41747,42
41748,23
41750,47
41751,42
41752,23
41755,42
41761,23
41763,37
41764,37
41765,37
41766,23
41767,42
41769,23
41772,23
41773,23
41776,23
41777,23
41788,42
41789,23
41790,37
41794,37
41795,42
41799,37
41801,42
41802,23
41805,23
41806,23
41807,43
41815,23
41817,23
41821,23
41822,23
41823,37
41826,60
41827,37
41828,23
41829,23
41830,23
41831,37
41832,42
41833,42
41834,37
41835,23
41836,23
41837,23
41838,23
41843,23
41846,23
41847,0
41850,25
41854,42
41855,23
41857,23
41858,23
41862,42
41863,23
41864,42
41865,23
41867,37
41869,23
41870,23
41872,42
41875,25
41880,23
41882,42
41886,23
41888,23
41892,23
41893,23
41898,23
41900,37
41905,42
41908,23
41909,23
41912,23
41914,23
41915,23
41917,23
41928,23
41936,23
41937,23
41939,23
41942,42
41947,43
41958,42
41959,42
41965,6
41966,56
41967,54
41968,6
41971,54
41975,6
41976,47
41979,54
41981,44
41982,56
41986,6
42047,42
42048,60
42049,35
42050,40
42054,42
42057,42
42070,57
42073,11
42082,60
42100,7
42107,7
42108,42
42110,60
42114,43
42115,57
42120,61
42132,42
42133,7
42134,43
42136,43
42143,60
42150,44
42152,7
42155,60
42158,7
42164,7
42167,42
42168,7
42169,60
42173,7
42176,42
42177,7
42182,20
42183,47
42185,45
42186,45
42190,54
42198,60
42199,42
42200,43
42205,24
42220,42
42241,43
42269,54
42286,42
42287,43
42290,48
42293,43
42295,0
42302,48
42305,48
42309,25
42310,60
42314,42
42332,5
42338,42
42341,42
42342,42
42355,60
42356,42
42361,2
42364,2
42366,11
42367,2
42368,2
42370,2
42371,2
42373,2
42376,42
42382,13
42383,42
42385,2
42387,2
42389,2
42392,42
42395,2
42397,2
42401,2
42402,2
42404,2
42406,2
42408,2
42410,2
42413,42
42414,13
42416,2
42417,42
42420,2
42421,2
42423,43
42425,2
42428,2
42433,60
42434,2
42436,2
42437,2
42438,5
42439,2
42441,2
42446,2
42448,2
42453,2
42460,2
42461,2
42462,2
42463,56
42464,2
42467,2
42468,11
42471,2
42474,42
42476,11
42477,60
42480,60
42481,43
42482,28
42483,28
42486,16
42491,42
42494,42
42495,43
42500,27
42508,42
42509,27
42510,28
42513,60
42525,39
42526,28
42527,42
42533,42
42535,42
42540,43
42550,42
42556,43
42562,60
42572,14
42576,13
42584,42
42586,42
42587,13
42593,43
42595,14
42596,43
42603,43
42608,56
42609,60
42610,39
42611,56
42613,43
42621,43
42625,43
42627,42
42628,43
42629,60
42633,22
42635,60
42643,17
42658,43
42661,56
42663,38
42666,60
42673,56
42684,17
42685,17
42724,56
42741,17
42747,42
42752,17
42756,30
42757,18
42761,42
42785,17
42792,17
42797,17
42801,42
42804,42
42820,61
42826,43
42827,42
42829,42
42832,17
42844,61
42849,17
42853,17
42889,18
42890,42
42898,39
42901,34
42902,60
42907,39
42912,42
42915,43
42920,22
42928,22
42929,22
42930,22
42932,22
42938,61
42939,22
42940,42
42946,44
42949,44
42950,44
42953,44
42956,22
42957,22
42960,42
42962,46
42964,42
42971,43
42975,39
42977,39
42979,39
42984,39
42986,42
42987,39
42988,56
42997,26
42998,60
43001,18
43004,18
43012,43
43016,60
43023,39
43025,39
43035,39
43037,42
43040,42
43043,42
43051,39
43054,43
43060,42
43070,43
43074,18
43075,60
43088,39
43101,39
43104,42
43106,60
43108,39
43111,27
43122,42
43125,39
43126,60
43128,43
43130,39
43133,26
43138,42
43139,43
43140,41
43144,43
43146,43
43148,41
43156,56
43168,41
43175,30
43185,43
43191,42
43206,60
43207,44
43208,56
43210,39
43225,41
43231,42
43239,42
43247,39
43254,54
43255,41
43259,43
43261,42
43264,43
43270,41
43271,41
43279,41
43285,43
43287,30
43288,43
43289,41
43303,56
43304,42
43308,42
43310,41
43312,42
43313,42
43314,41
43318,41
43319,41
43320,41
43321,41
43335,56
43336,44
43346,42
43347,42
43348,41
43354,42
43380,43
43384,43
43399,41
43404,43
43406,11
43412,41
43414,41
43416,41
43418,11
43420,43
43422,41
43425,41
43427,41
43436,42
43437,60
43440,41
43441,41
43442,41
43466,41
43467,41
43470,57
43473,42
43487,43
43501,41
43503,41
43504,11
43508,35
43514,39
43519,60
43522,43
43526,42
43528,41
43533,56
43538,41
43546,41
43548,41
43551,23
43552,41
43557,5
43558,41
43571,41
43585,44
43589,60
43591,56
43592,60
43636,60
43643,61
43644,42
43647,43
43651,61
43655,42
43664,42
43668,42
43669,61
43677,61
43687,42
43704,42
43713,61
43721,42
43722,61
43730,61
43736,56
43740,42
43747,56
43757,42
43758,61
43773,18
43776,61
43793,61
43795,61
43796,18
43805,61
43813,43
43815,42
43816,61
43826,61
43827,61
43830,61
43835,61
43836,61
43845,42
43846,61
43848,61
43851,42
43852,42
43858,61
43866,43
43872,58
43877,61
43878,42
43883,61
43885,43
43890,61
43891,42
43893,18
43902,18
43907,21
43910,43
43912,42
43916,61
43918,50
43919,42
43921,11
43923,43
43925,11
43927,50
43934,50
43942,50
43945,50
43947,42
43949,42
43951,42
43955,50
43956,50
43970,60
43979,60
43981,43
43982,8
43986,18
43989,8
43991,61
43992,42
43998,60
44006,60
44010,42
44015,42
44016,48
44017,5
44021,60
44022,42
44026,34
44028,34
44032,42
44041,42
44047,39
44048,60
44051,43
44057,34
44058,60
44060,60
44064,42
44066,11
44067,42
44068,60
44069,0
44071,42
44075,56
44078,62
44089,62
44090,62
44097,18
44098,30
44102,42
44103,56
44106,62
44110,42
44111,42
44113,46
44114,62
44120,60
44121,62
44124,43
44125,42
44127,62
44129,43
44135,60
44137,36
44149,41
44151,41
44152,41
44154,41
44164,43
44171,41
44172,61
44175,43
44176,36
44179,61
44183,43
44184,41
44185,57
44186,41
44187,11
44191,43
44193,36
44194,50
44195,41
44196,41
44197,11
44198,41
44199,11
44202,41
44205,11
44206,56
44207,48
44210,11
44211,60
44218,43
44233,42
44284,30
44319,56
44322,46
44325,9
44333,42
44334,9
44339,55
44341,61
44342,42
44344,42
44345,42
44355,9
44383,60
44393,32
44399,18
44402,18
44404,56
44410,42
44426,60
44433,42
44435,18
44436,18
44444,42
44448,42
44451,18
44452,42
44456,18
44458,7
44462,42
44465,18
44477,5
44499,43
44504,61
44505,5
44506,21
44511,42
44520,60
44534,25
44550,38
44603,42
44610,28
44615,28
44625,40
44629,28
44642,28
44646,28
44653,42
44655,43
44658,42
44661,28
44662,42
44664,28
44666,18
44672,42
44676,38
44678,42
44681,28
44689,42
44695,39
44699,43
44709,39
44716,42
44719,60
44722,42
44730,39
44732,34
44736,34
44747,34
44754,34
44770,34
44778,60
44790,18
44796,43
44797,34
44798,35
44799,46
44800,43
44801,43
44802,34
44804,34
44808,60
44813,40
44814,60
44816,37
44817,61
44818,1
44824,61
44830,60
44831,50
44832,11
44835,50
44836,42
44837,50
44838,48
44850,11
44854,60
44859,50
44861,42
44862,42
44868,42
44872,42
44874,42
44879,50
44881,60
44885,42
44892,42
44895,50
44898,48
44904,44
44905,18
44906,59
44909,56
44910,14
44911,59
44915,56
44917,9
44919,38
44920,27
44921,14
44924,18
44925,37
44927,56
44928,56
44929,9
44930,44
44934,59
44935,9
44937,56
44945,44
44946,59
44948,56
44949,14
44950,9
44952,27
44953,59
44955,44
44957,55
44959,44
44960,59
44961,39
44962,9
44967,27
44970,27
44973,59
44974,27
44989,18
44993,59
44994,30
44996,27
44998,27
45002,59
45010,42
45011,46
45016,21
45018,43
45021,8
45023,21
45024,21
45025,21
45027,21
45028,21
45031,62
45040,42
45041,21
45043,21
45045,21
45046,21
45052,21
45053,21
45054,18
45056,42
45057,21
45063,61
45068,21
45069,21
45071,43
45072,42
45074,21
45075,21
45076,42
45077,21
45078,21
45079,21
45082,42
45085,21
45086,25
45088,21
45089,57
45091,42
45092,43
45093,21
45094,21
45095,42
45098,21
45099,35
45102,21
45105,62
45107,43
45108,21
45109,62
45110,5
45112,21
45113,42
45118,42
45123,42
45127,42
45135,38
45137,38
45146,60
45147,39
45148,42
45160,21
45162,39
45163,60
45165,33
45170,60
45172,42
45173,59
45175,42
45177,48
45178,60
45179,39
45180,60
45182,17
45184,56
45185,60
45186,19
45187,42
45192,55
45193,60
45195,42
45197,41
45198,11
45200,17
45201,57
45202,60
45203,17
45205,15
45207,48
45209,56
45211,42
45212,60
45217,3
45221,9
45228,42
45229,60
45230,42
45233,3
45234,60
45235,42
45236,42
45238,43
45241,3
45242,42
45244,9
45255,42
45257,3
45258,42
45260,3
45261,3
45262,3
45263,42
45265,3
45269,42
45274,42
45275,3
45277,43
45284,43
45290,3
45293,42
45295,43
45297,42
45299,18
45301,3
45302,40
45303,9
45305,9
45313,60
45318,48
45319,60
45321,42
45323,51
45325,9
45330,9
45332,42
45337,34
45344,9
45345,9
45347,5
45357,4
45358,4
45361,4
45364,4
45367,4
45368,4
45369,42
45381,9
45393,4
45394,4
45399,4
45400,4
45402,43
45407,4
45411,4
45413,5
45419,4
45425,60
45426,56
45432,4
45434,4
45442,4
45456,56
45459,43
45460,4
45461,4
45469,56
45472,9
45493,42
45499,42
45501,18
45502,18
45503,18
45509,42
45512,18
45514,18
45516,19
45519,39
45520,42
45521,43
45524,19
45526,42
45536,18
45544,19
45547,42
45557,18
45560,18
45562,19
45565,60
45566,42
45572,18
45574,18
45576,42
45581,42
45584,18
45588,18
45589,42
45592,18
45596,42
45597,56
45598,25
45599,19
45600,39
45601,56
45602,18
45604,19
45608,18
45610,18
45625,42
45630,18
45634,42
45638,49
45642,42
45645,18
45646,42
45650,17
45651,42
45652,18
45655,18
45658,18
45661,30
45662,18
45667,18
45670,42
45672,18
45673,43
45674,18
45680,18
45681,18
45685,18
45686,42
45688,18
45689,60
45696,11
45699,11
45705,48
45709,0
45712,0
45713,43
45719,42
45720,60
45721,48
45723,48
45724,25
45727,60
45730,42
45736,42
45743,0
45745,11
45751,3
45769,42
45774,3
45787,18
45793,60
45794,3
45807,43
45809,42
45824,11
45828,11
45831,60
45833,11
45839,11
45846,43
45847,11
45865,43
45866,3
45873,46
45881,42
45882,43
45884,32
45890,48
45893,11
45895,11
45911,39
45915,57
45918,57
45920,57
45922,42
45924,57
45925,42
45930,57
45931,42
45934,42
45940,42
45941,61
45942,50
45946,43
45950,30
45954,8
45957,11
45961,0
45964,27
45972,60
45975,38
45976,51
45978,38
45982,27
45983,38
45984,5
45987,27
45990,38
46009,25
46010,56
46013,60
46016,25
46023,42
46026,5
46030,43
46033,56
46036,42
46037,43
46048,17
46050,49
46051,49
46071,42
46074,49
46079,42
46080,13
46081,6
46084,49
46086,17
46089,13
46092,25
46094,43
46122,47
46126,42
46128,60
46142,42
46143,43
46147,42
46151,58
46153,61
46155,49
46157,48
46159,8
46162,60
46164,27
46167,60
46168,42
46172,60
46176,42
46178,60
46179,60
46180,43
46185,60
46186,42
46199,60
46200,42
46239,42
46240,60
46249,61
46251,42
46256,42
46257,61
46260,42
46261,48
46263,11
46265,42
46270,42
46272,34
46276,42
46279,42
46286,34
46287,42
46296,3
46303,61
46307,42
46308,42
46318,34
46321,61
46323,42
46326,38
46345,24
46346,42
46348,42
46349,56
46355,43
46358,56
46377,61
46378,25
46379,60
46381,60
46383,60
46385,61
46392,20
46395,42
46399,42
46429,61
46430,62
46435,62
46440,62
46446,44
46450,43
46453,42
46462,44
46466,39
46468,62
46469,60
46473,42
46487,62
46491,62
46499,60
46501,62
46504,18
46513,47
46520,13
46521,9
46523,13
46524,38
46525,32
46527,57
46529,50
46530,50
46538,60
46541,44
46542,56
46544,50
46545,50
46554,60
46561,50
46562,30
46573,0
46576,4
46577,50
46581,50
46582,56
46588,50
46589,43
46591,30
46593,50
46595,42
46599,50
46601,50
46603,42
46613,42
46620,42
46627,50
46629,43
46638,60
46643,43
46669,50
46687,50
46691,50
46711,11
46715,42
46718,50
46724,42
46737,42
46739,43
46744,11
46746,50
46748,50
46749,50
46753,50
46754,42
46759,50
46762,11
46763,50
46771,25
46773,50
46776,50
46778,42
46783,50
46785,50
46786,50
46789,50
46791,50
46792,60
46795,48
46796,50
46797,43
46808,50
46809,42
46810,43
46813,18
46820,42
46828,18
46829,48
46832,50
46834,43
46835,18
46836,50
46838,50
46840,48
46841,50
46842,34
46846,5
46848,11
46854,39
46861,43
46872,43
46875,43
46878,43
46884,43
46887,61
46894,43
46898,56
46908,43
46912,39
46914,3
46916,60
46917,11
46920,60
46922,8
46923,3
46927,42
46928,43
46930,11
46931,60
46932,3
46933,3
46936,48
46940,60
46943,60
46945,48
46948,48
46949,60
46950,61
46951,48
46955,46
46956,60
46957,60
46959,48
46961,11
46963,3
